,LOAD,date,comp,n,sqft,SD
1389,2025-10-06_1,10/6/2025,1,10,82.6,8.26
685,2025-05-07_5,5/7/2025,5,10,82.6,8.26
613,2025-04-17_4,4/17/2025,4,11,121.5,11.05
1015,2025-07-23_5,7/23/2025,5,11,82.6,7.51
1342,2025-09-28_1,9/28/2025,1,12,82.6,6.88
1239,2025-09-06_5,9/6/2025,5,12,82.6,6.88
1320,2025-09-23_5,9/23/2025,5,12,82.6,6.88
403,2025-02-22_1,2/22/2025,1,13,82.6,6.35
529,2025-03-26_1,3/26/2025,1,13,82.6,6.35
689,2025-05-09_1,5/9/2025,1,13,82.6,6.35
1464,2025-10-21_1,10/21/2025,1,13,82.6,6.35
470,2025-03-10_4,3/10/2025,4,13,121.5,9.35
637,2025-04-23_4,4/23/2025,4,13,121.5,9.35
712,2025-05-15_4,5/15/2025,4,13,121.5,9.35
679,2025-05-05_5,5/5/2025,5,13,82.6,6.35
1301,2025-09-19_5,9/19/2025,5,13,82.6,6.35
1385,2025-10-04_5,10/4/2025,5,13,82.6,6.35
995,2025-07-20_1,7/20/2025,1,14,82.6,5.9
1077,2025-08-04_1,8/4/2025,1,14,82.6,5.9
1210,2025-09-01_1,9/1/2025,1,14,82.6,5.9
1242,2025-09-08_1,9/8/2025,1,14,82.6,5.9
1365,2025-10-01_3,10/1/2025,3,14,96.2,6.87
35,2024-11-20_4,11/20/2024,4,14,121.5,8.68
128,2024-12-14_4,12/14/2024,4,14,121.5,8.68
152,2024-12-20_4,12/20/2024,4,14,121.5,8.68
247,2025-01-13_4,1/13/2025,4,14,121.5,8.68
847,2025-06-18_4,6/18/2025,4,14,121.5,8.68
1140,2025-08-17_4,8/17/2025,4,14,121.5,8.68
4,2024-11-12_5,11/12/2024,5,14,82.6,5.9
590,2025-04-11_5,4/11/2025,5,14,82.6,5.9
713,2025-05-15_5,5/15/2025,5,14,82.6,5.9
1034,2025-07-26_5,7/26/2025,5,14,82.6,5.9
1439,2025-10-15_5,10/15/2025,5,14,82.6,5.9
1567,2025-11-10_5,11/10/2025,5,14,82.6,5.9
187,2024-12-28_8,12/28/2024,8,14,116,8.29
64,2024-11-28_1,11/28/2024,1,15,82.6,5.51
80,2024-12-02_1,12/2/2024,1,15,82.6,5.51
594,2025-04-13_1,4/13/2025,1,15,82.6,5.51
896,2025-06-30_1,6/30/2025,1,15,82.6,5.51
1356,2025-09-30_1,9/30/2025,1,15,82.6,5.51
1423,2025-10-13_1,10/13/2025,1,15,82.6,5.51
1430,2025-10-14_1,10/14/2025,1,15,82.6,5.51
43,2024-11-22_4,11/22/2024,4,15,121.5,8.1
286,2025-01-23_4,1/23/2025,4,15,121.5,8.1
438,2025-03-02_4,3/2/2025,4,15,121.5,8.1
652,2025-04-27_4,4/27/2025,4,15,121.5,8.1
766,2025-05-29_4,5/29/2025,4,15,121.5,8.1
797,2025-06-06_4,6/6/2025,4,15,121.5,8.1
232,2025-01-09_5,1/9/2025,5,15,82.6,5.51
759,2025-05-27_5,5/27/2025,5,15,82.6,5.51
839,2025-06-16_5,6/16/2025,5,15,82.6,5.51
1064,2025-08-01_5,8/1/2025,5,15,82.6,5.51
1195,2025-08-28_5,8/28/2025,5,15,82.6,5.51
1491,2025-10-25_5,10/25/2025,5,15,82.6,5.51
1497,2025-10-27_5,10/27/2025,5,15,82.6,5.51
1,2024-11-12_1,11/12/2024,1,16,82.6,5.16
236,2025-01-11_1,1/11/2025,1,16,82.6,5.16
843,2025-06-18_1,6/18/2025,1,16,82.6,5.16
1109,2025-08-11_1,8/11/2025,1,16,82.6,5.16
1277,2025-09-15_1,9/15/2025,1,16,82.6,5.16
58,2024-11-26_4,11/26/2024,4,16,121.5,7.59
120,2024-12-12_4,12/12/2024,4,16,121.5,7.59
350,2025-02-08_4,2/8/2025,4,16,121.5,7.59
597,2025-04-13_4,4/13/2025,4,16,121.5,7.59
737,2025-05-21_4,5/21/2025,4,16,121.5,7.59
1080,2025-08-04_5,8/4/2025,5,16,82.6,5.16
1125,2025-08-13_5,8/13/2025,5,16,82.6,5.16
1184,2025-08-26_5,8/26/2025,5,16,82.6,5.16
1327,2025-09-24_5,9/24/2025,5,16,82.6,5.16
1333,2025-09-25_5,9/25/2025,5,16,82.6,5.16
1373,2025-10-02_5,10/2/2025,5,16,82.6,5.16
1444,2025-10-16_5,10/16/2025,5,16,82.6,5.16
1460,2025-10-20_5,10/20/2025,5,16,82.6,5.16
1473,2025-10-22_5,10/22/2025,5,16,82.6,5.16
8,2024-11-14_1,11/14/2024,1,17,82.6,4.86
55,2024-11-26_1,11/26/2024,1,17,82.6,4.86
499,2025-03-18_1,3/18/2025,1,17,82.6,4.86
642,2025-04-25_1,4/25/2025,1,17,82.6,4.86
1270,2025-09-14_1,9/14/2025,1,17,82.6,4.86
1310,2025-09-22_1,9/22/2025,1,17,82.6,4.86
1457,2025-10-20_1,10/20/2025,1,17,82.6,4.86
1494,2025-10-27_1,10/27/2025,1,17,82.6,4.86
1105,2025-08-09_3,8/9/2025,3,17,96.2,5.66
75,2024-11-30_4,11/30/2024,4,17,121.5,7.15
310,2025-01-29_4,1/29/2025,4,17,121.5,7.15
406,2025-02-22_4,2/22/2025,4,17,121.5,7.15
422,2025-02-26_4,2/26/2025,4,17,121.5,7.15
728,2025-05-19_4,5/19/2025,4,17,121.5,7.15
806,2025-06-08_4,6/8/2025,4,17,121.5,7.15
920,2025-07-04_4,7/4/2025,4,17,121.5,7.15
11,2024-11-14_5,11/14/2024,5,17,82.6,4.86
153,2024-12-20_5,12/20/2024,5,17,82.6,4.86
391,2025-02-18_5,2/18/2025,5,17,82.6,4.86
560,2025-04-03_5,4/3/2025,5,17,82.6,4.86
1022,2025-07-24_5,7/24/2025,5,17,82.6,4.86
1096,2025-08-07_5,8/7/2025,5,17,82.6,4.86
1152,2025-08-19_5,8/19/2025,5,17,82.6,4.86
1206,2025-08-31_5,8/31/2025,5,17,82.6,4.86
1251,2025-09-09_5,9/9/2025,5,17,82.6,4.86
1426,2025-10-13_5,10/13/2025,5,17,82.6,4.86
1550,2025-11-06_5,11/6/2025,5,17,82.6,4.86
23,2024-11-18_1,11/18/2024,1,18,82.6,4.59
32,2024-11-20_1,11/20/2024,1,18,82.6,4.59
94,2024-12-06_1,12/6/2024,1,18,82.6,4.59
228,2025-01-09_1,1/9/2025,1,18,82.6,4.59
252,2025-01-15_1,1/15/2025,1,18,82.6,4.59
339,2025-02-06_1,2/6/2025,1,18,82.6,4.59
387,2025-02-18_1,2/18/2025,1,18,82.6,4.59
467,2025-03-10_1,3/10/2025,1,18,82.6,4.59
618,2025-04-19_1,4/19/2025,1,18,82.6,4.59
670,2025-05-03_1,5/3/2025,1,18,82.6,4.59
725,2025-05-19_1,5/19/2025,1,18,82.6,4.59
750,2025-05-25_1,5/25/2025,1,18,82.6,4.59
1019,2025-07-24_1,7/24/2025,1,18,82.6,4.59
1038,2025-07-28_1,7/28/2025,1,18,82.6,4.59
1203,2025-08-31_1,8/31/2025,1,18,82.6,4.59
1349,2025-09-29_1,9/29/2025,1,18,82.6,4.59
67,2024-11-28_4,11/28/2024,4,18,121.5,6.75
199,2025-01-01_4,1/1/2025,4,18,121.5,6.75
207,2025-01-03_4,1/3/2025,4,18,121.5,6.75
231,2025-01-09_4,1/9/2025,4,18,121.5,6.75
326,2025-02-02_4,2/2/2025,4,18,121.5,6.75
390,2025-02-18_4,2/18/2025,4,18,121.5,6.75
398,2025-02-20_4,2/20/2025,4,18,121.5,6.75
546,2025-03-30_4,3/30/2025,4,18,121.5,6.75
581,2025-04-09_4,4/9/2025,4,18,121.5,6.75
822,2025-06-12_4,6/12/2025,4,18,121.5,6.75
864,2025-06-22_4,6/22/2025,4,18,121.5,6.75
1366,2025-10-01_4,10/1/2025,4,18,121.5,6.75
169,2024-12-24_5,12/24/2024,5,18,82.6,4.59
598,2025-04-13_5,4/13/2025,5,18,82.6,4.59
937,2025-07-07_5,7/7/2025,5,18,82.6,4.59
1338,2025-09-26_5,9/26/2025,5,18,82.6,4.59
1345,2025-09-28_5,9/28/2025,5,18,82.6,4.59
1405,2025-10-08_5,10/8/2025,5,18,82.6,4.59
1410,2025-10-09_5,10/9/2025,5,18,82.6,4.59
1454,2025-10-18_5,10/18/2025,5,18,82.6,4.59
1509,2025-10-29_5,10/29/2025,5,18,82.6,4.59
1519,2025-10-31_5,10/31/2025,5,18,82.6,4.59
970,2025-07-14_7,7/14/2025,7,18,114.6,6.37
1335,2025-09-25_7,9/25/2025,7,18,114.6,6.37
40,2024-11-22_1,11/22/2024,1,19,82.6,4.35
102,2024-12-08_1,12/8/2024,1,19,82.6,4.35
117,2024-12-12_1,12/12/2024,1,19,82.6,4.35
125,2024-12-14_1,12/14/2024,1,19,82.6,4.35
196,2025-01-01_1,1/1/2025,1,19,82.6,4.35
259,2025-01-17_1,1/17/2025,1,19,82.6,4.35
299,2025-01-27_1,1/27/2025,1,19,82.6,4.35
307,2025-01-29_1,1/29/2025,1,19,82.6,4.35
331,2025-02-04_1,2/4/2025,1,19,82.6,4.35
507,2025-03-20_1,3/20/2025,1,19,82.6,4.35
536,2025-03-28_1,3/28/2025,1,19,82.6,4.35
634,2025-04-23_1,4/23/2025,1,19,82.6,4.35
663,2025-05-01_1,5/1/2025,1,19,82.6,4.35
709,2025-05-15_1,5/15/2025,1,19,82.6,4.35
853,2025-06-20_1,6/20/2025,1,19,82.6,4.35
1317,2025-09-23_1,9/23/2025,1,19,82.6,4.35
1324,2025-09-24_1,9/24/2025,1,19,82.6,4.35
1558,2025-11-08_1,11/8/2025,1,19,82.6,4.35
1099,2025-08-08_2,8/8/2025,2,19,114.6,6.03
176,2024-12-26_4,12/26/2024,4,19,121.5,6.39
494,2025-03-16_4,3/16/2025,4,19,121.5,6.39
774,2025-05-31_4,5/31/2025,4,19,121.5,6.39
856,2025-06-20_4,6/20/2025,4,19,121.5,6.39
883,2025-06-26_4,6/26/2025,4,19,121.5,6.39
19,2024-11-16_5,11/16/2024,5,19,82.6,4.35
27,2024-11-18_5,11/18/2024,5,19,82.6,4.35
59,2024-11-26_5,11/26/2024,5,19,82.6,4.35
263,2025-01-17_5,1/17/2025,5,19,82.6,4.35
479,2025-03-12_5,3/12/2025,5,19,82.6,4.35
487,2025-03-14_5,3/14/2025,5,19,82.6,4.35
692,2025-05-09_5,5/9/2025,5,19,82.6,4.35
699,2025-05-11_5,5/11/2025,5,19,82.6,4.35
705,2025-05-13_5,5/13/2025,5,19,82.6,4.35
753,2025-05-25_5,5/25/2025,5,19,82.6,4.35
815,2025-06-10_5,6/10/2025,5,19,82.6,4.35
848,2025-06-18_5,6/18/2025,5,19,82.6,4.35
1113,2025-08-11_5,8/11/2025,5,19,82.6,4.35
1141,2025-08-17_5,8/17/2025,5,19,82.6,4.35
1178,2025-08-25_5,8/25/2025,5,19,82.6,4.35
1291,2025-09-17_5,9/17/2025,5,19,82.6,4.35
1352,2025-09-29_5,9/29/2025,5,19,82.6,4.35
1479,2025-10-23_5,10/23/2025,5,19,82.6,4.35
1537,2025-11-04_5,11/4/2025,5,19,82.6,4.35
1546,2025-11-05_8,11/5/2025,8,19,116,6.11
15,2024-11-16_1,11/16/2024,1,20,82.6,4.13
48,2024-11-24_1,11/24/2024,1,20,82.6,4.13
72,2024-11-30_1,11/30/2024,1,20,82.6,4.13
166,2024-12-24_1,12/24/2024,1,20,82.6,4.13
355,2025-02-10_1,2/10/2025,1,20,82.6,4.13
419,2025-02-26_1,2/26/2025,1,20,82.6,4.13
476,2025-03-12_1,3/12/2025,1,20,82.6,4.13
491,2025-03-16_1,3/16/2025,1,20,82.6,4.13
515,2025-03-22_1,3/22/2025,1,20,82.6,4.13
551,2025-04-01_1,4/1/2025,1,20,82.6,4.13
578,2025-04-09_1,4/9/2025,1,20,82.6,4.13
603,2025-04-15_1,4/15/2025,1,20,82.6,4.13
610,2025-04-17_1,4/17/2025,1,20,82.6,4.13
626,2025-04-21_1,4/21/2025,1,20,82.6,4.13
742,2025-05-23_1,5/23/2025,1,20,82.6,4.13
786,2025-06-04_1,6/4/2025,1,20,82.6,4.13
794,2025-06-06_1,6/6/2025,1,20,82.6,4.13
869,2025-06-24_1,6/24/2025,1,20,82.6,4.13
888,2025-06-28_1,6/28/2025,1,20,82.6,4.13
906,2025-07-02_1,7/2/2025,1,20,82.6,4.13
925,2025-07-06_1,7/6/2025,1,20,82.6,4.13
933,2025-07-07_1,7/7/2025,1,20,82.6,4.13
1482,2025-10-24_1,10/24/2025,1,20,82.6,4.13
1547,2025-11-06_1,11/6/2025,1,20,82.6,4.13
1564,2025-11-10_1,11/10/2025,1,20,82.6,4.13
105,2024-12-08_4,12/8/2024,4,20,121.5,6.08
223,2025-01-07_4,1/7/2025,4,20,121.5,6.08
239,2025-01-11_4,1/11/2025,4,20,121.5,6.08
342,2025-02-06_4,2/6/2025,4,20,121.5,6.08
382,2025-02-16_4,2/16/2025,4,20,121.5,6.08
430,2025-02-28_4,2/28/2025,4,20,121.5,6.08
446,2025-03-04_4,3/4/2025,4,20,121.5,6.08
454,2025-03-06_4,3/6/2025,4,20,121.5,6.08
518,2025-03-22_4,3/22/2025,4,20,121.5,6.08
745,2025-05-23_4,5/23/2025,4,20,121.5,6.08
789,2025-06-04_4,6/4/2025,4,20,121.5,6.08
891,2025-06-28_4,6/28/2025,4,20,121.5,6.08
911,2025-07-02_4,7/2/2025,4,20,121.5,6.08
928,2025-07-06_4,7/6/2025,4,20,121.5,6.08
36,2024-11-20_5,11/20/2024,5,20,82.6,4.13
106,2024-12-08_5,12/8/2024,5,20,82.6,4.13
113,2024-12-10_5,12/10/2024,5,20,82.6,4.13
129,2024-12-14_5,12/14/2024,5,20,82.6,4.13
192,2024-12-30_5,12/30/2024,5,20,82.6,4.13
240,2025-01-11_5,1/11/2025,5,20,82.6,4.13
279,2025-01-21_5,1/21/2025,5,20,82.6,4.13
287,2025-01-23_5,1/23/2025,5,20,82.6,4.13
295,2025-01-25_5,1/25/2025,5,20,82.6,4.13
311,2025-01-29_5,1/29/2025,5,20,82.6,4.13
423,2025-02-26_5,2/26/2025,5,20,82.6,4.13
447,2025-03-04_5,3/4/2025,5,20,82.6,4.13
455,2025-03-06_5,3/6/2025,5,20,82.6,4.13
471,2025-03-10_5,3/10/2025,5,20,82.6,4.13
511,2025-03-20_5,3/20/2025,5,20,82.6,4.13
532,2025-03-26_5,3/26/2025,5,20,82.6,4.13
574,2025-04-07_5,4/7/2025,5,20,82.6,4.13
582,2025-04-09_5,4/9/2025,5,20,82.6,4.13
606,2025-04-15_5,4/15/2025,5,20,82.6,4.13
614,2025-04-17_5,4/17/2025,5,20,82.6,4.13
630,2025-04-21_5,4/21/2025,5,20,82.6,4.13
653,2025-04-27_5,4/27/2025,5,20,82.6,4.13
673,2025-05-03_5,5/3/2025,5,20,82.6,4.13
729,2025-05-19_5,5/19/2025,5,20,82.6,4.13
767,2025-05-29_5,5/29/2025,5,20,82.6,4.13
782,2025-06-02_5,6/2/2025,5,20,82.6,4.13
873,2025-06-24_5,6/24/2025,5,20,82.6,4.13
929,2025-07-06_5,7/6/2025,5,20,82.6,4.13
950,2025-07-10_5,7/10/2025,5,20,82.6,4.13
1028,2025-07-25_5,7/25/2025,5,20,82.6,4.13
1042,2025-07-28_5,7/28/2025,5,20,82.6,4.13
1048,2025-07-29_5,7/29/2025,5,20,82.6,4.13
1073,2025-08-03_5,8/3/2025,5,20,82.6,4.13
1134,2025-08-15_5,8/15/2025,5,20,82.6,4.13
1161,2025-08-21_5,8/21/2025,5,20,82.6,4.13
1166,2025-08-22_5,8/22/2025,5,20,82.6,4.13
1200,2025-08-29_5,8/29/2025,5,20,82.6,4.13
1245,2025-09-08_5,9/8/2025,5,20,82.6,4.13
1257,2025-09-10_5,9/10/2025,5,20,82.6,4.13
1267,2025-09-12_5,9/12/2025,5,20,82.6,4.13
1273,2025-09-14_5,9/14/2025,5,20,82.6,4.13
1280,2025-09-15_5,9/15/2025,5,20,82.6,4.13
1296,2025-09-18_5,9/18/2025,5,20,82.6,4.13
1313,2025-09-22_5,9/22/2025,5,20,82.6,4.13
1367,2025-10-01_5,10/1/2025,5,20,82.6,4.13
1392,2025-10-06_5,10/6/2025,5,20,82.6,4.13
1399,2025-10-07_5,10/7/2025,5,20,82.6,4.13
1467,2025-10-21_5,10/21/2025,5,20,82.6,4.13
1485,2025-10-24_5,10/24/2025,5,20,82.6,4.13
1504,2025-10-28_5,10/28/2025,5,20,82.6,4.13
1514,2025-10-30_5,10/30/2025,5,20,82.6,4.13
1524,2025-11-01_5,11/1/2025,5,20,82.6,4.13
1530,2025-11-03_5,11/3/2025,5,20,82.6,4.13
1573,2025-11-11_5,11/11/2025,5,20,82.6,4.13
981,2025-07-16_7,7/16/2025,7,20,114.6,5.73
1456,2025-10-18_7,10/18/2025,7,20,114.6,5.73
1056,2025-07-30_8,7/30/2025,8,20,116,5.8
87,2024-12-04_1,12/4/2024,1,21,82.6,3.93
133,2024-12-16_1,12/16/2024,1,21,82.6,3.93
141,2024-12-18_1,12/18/2024,1,21,82.6,3.93
149,2024-12-20_1,12/20/2024,1,21,82.6,3.93
158,2024-12-22_1,12/22/2024,1,21,82.6,3.93
188,2024-12-30_1,12/30/2024,1,21,82.6,3.93
204,2025-01-03_1,1/3/2025,1,21,82.6,3.93
212,2025-01-05_1,1/5/2025,1,21,82.6,3.93
244,2025-01-13_1,1/13/2025,1,21,82.6,3.93
315,2025-01-31_1,1/31/2025,1,21,82.6,3.93
323,2025-02-02_1,2/2/2025,1,21,82.6,3.93
371,2025-02-14_1,2/14/2025,1,21,82.6,3.93
379,2025-02-16_1,2/16/2025,1,21,82.6,3.93
411,2025-02-24_1,2/24/2025,1,21,82.6,3.93
443,2025-03-04_1,3/4/2025,1,21,82.6,3.93
451,2025-03-06_1,3/6/2025,1,21,82.6,3.93
483,2025-03-14_1,3/14/2025,1,21,82.6,3.93
543,2025-03-30_1,3/30/2025,1,21,82.6,3.93
564,2025-04-05_1,4/5/2025,1,21,82.6,3.93
586,2025-04-11_1,4/11/2025,1,21,82.6,3.93
649,2025-04-27_1,4/27/2025,1,21,82.6,3.93
696,2025-05-11_1,5/11/2025,1,21,82.6,3.93
717,2025-05-17_1,5/17/2025,1,21,82.6,3.93
734,2025-05-21_1,5/21/2025,1,21,82.6,3.93
763,2025-05-29_1,5/29/2025,1,21,82.6,3.93
779,2025-06-02_1,6/2/2025,1,21,82.6,3.93
819,2025-06-12_1,6/12/2025,1,21,82.6,3.93
861,2025-06-22_1,6/22/2025,1,21,82.6,3.93
917,2025-07-04_1,7/4/2025,1,21,82.6,3.93
946,2025-07-10_1,7/10/2025,1,21,82.6,3.93
964,2025-07-14_1,7/14/2025,1,21,82.6,3.93
1069,2025-08-03_1,8/3/2025,1,21,82.6,3.93
1137,2025-08-17_1,8/17/2025,1,21,82.6,3.93
1175,2025-08-25_1,8/25/2025,1,21,82.6,3.93
1363,2025-10-01_1,10/1/2025,1,21,82.6,3.93
1396,2025-10-07_1,10/7/2025,1,21,82.6,3.93
1501,2025-10-28_1,10/28/2025,1,21,82.6,3.93
1534,2025-11-04_1,11/4/2025,1,21,82.6,3.93
18,2024-11-16_4,11/16/2024,4,21,121.5,5.79
97,2024-12-06_4,12/6/2024,4,21,121.5,5.79
215,2025-01-05_4,1/5/2025,4,21,121.5,5.79
262,2025-01-17_4,1/17/2025,4,21,121.5,5.79
270,2025-01-19_4,1/19/2025,4,21,121.5,5.79
334,2025-02-04_4,2/4/2025,4,21,121.5,5.79
366,2025-02-12_4,2/12/2025,4,21,121.5,5.79
567,2025-04-05_4,4/5/2025,4,21,121.5,5.79
621,2025-04-19_4,4/19/2025,4,21,121.5,5.79
720,2025-05-17_4,5/17/2025,4,21,121.5,5.79
943,2025-07-08_4,7/8/2025,4,21,121.5,5.79
949,2025-07-10_4,7/10/2025,4,21,121.5,5.79
998,2025-07-20_4,7/20/2025,4,21,121.5,5.79
1072,2025-08-03_4,8/3/2025,4,21,121.5,5.79
68,2024-11-28_5,11/28/2024,5,21,82.6,3.93
76,2024-11-30_5,11/30/2024,5,21,82.6,3.93
83,2024-12-02_5,12/2/2024,5,21,82.6,3.93
90,2024-12-04_5,12/4/2024,5,21,82.6,3.93
121,2024-12-12_5,12/12/2024,5,21,82.6,3.93
137,2024-12-16_5,12/16/2024,5,21,82.6,3.93
184,2024-12-28_5,12/28/2024,5,21,82.6,3.93
200,2025-01-01_5,1/1/2025,5,21,82.6,3.93
224,2025-01-07_5,1/7/2025,5,21,82.6,3.93
248,2025-01-13_5,1/13/2025,5,21,82.6,3.93
271,2025-01-19_5,1/19/2025,5,21,82.6,3.93
335,2025-02-04_5,2/4/2025,5,21,82.6,3.93
359,2025-02-10_5,2/10/2025,5,21,82.6,3.93
367,2025-02-12_5,2/12/2025,5,21,82.6,3.93
375,2025-02-14_5,2/14/2025,5,21,82.6,3.93
399,2025-02-20_5,2/20/2025,5,21,82.6,3.93
503,2025-03-18_5,3/18/2025,5,21,82.6,3.93
525,2025-03-24_5,3/24/2025,5,21,82.6,3.93
568,2025-04-05_5,4/5/2025,5,21,82.6,3.93
645,2025-04-25_5,4/25/2025,5,21,82.6,3.93
659,2025-04-29_5,4/29/2025,5,21,82.6,3.93
721,2025-05-17_5,5/17/2025,5,21,82.6,3.93
746,2025-05-23_5,5/23/2025,5,21,82.6,3.93
790,2025-06-04_5,6/4/2025,5,21,82.6,3.93
807,2025-06-08_5,6/8/2025,5,21,82.6,3.93
823,2025-06-12_5,6/12/2025,5,21,82.6,3.93
831,2025-06-14_5,6/14/2025,5,21,82.6,3.93
857,2025-06-20_5,6/20/2025,5,21,82.6,3.93
892,2025-06-28_5,6/28/2025,5,21,82.6,3.93
900,2025-06-30_5,6/30/2025,5,21,82.6,3.93
912,2025-07-02_5,7/2/2025,5,21,82.6,3.93
921,2025-07-04_5,7/4/2025,5,21,82.6,3.93
974,2025-07-15_5,7/15/2025,5,21,82.6,3.93
990,2025-07-18_5,7/18/2025,5,21,82.6,3.93
1119,2025-08-12_5,8/12/2025,5,21,82.6,3.93
1213,2025-09-01_5,9/1/2025,5,21,82.6,3.93
1307,2025-09-20_5,9/20/2025,5,21,82.6,3.93
1359,2025-09-30_5,9/30/2025,5,21,82.6,3.93
1433,2025-10-14_5,10/14/2025,5,21,82.6,3.93
1561,2025-11-08_5,11/8/2025,5,21,82.6,3.93
46,2024-11-22_7,11/22/2024,7,21,114.6,5.46
1521,2025-10-31_7,10/31/2025,7,21,114.6,5.46
987,2025-07-17_8,7/17/2025,8,21,116,5.52
110,2024-12-10_1,12/10/2024,1,22,82.6,3.75
173,2024-12-26_1,12/26/2024,1,22,82.6,3.75
220,2025-01-07_1,1/7/2025,1,22,82.6,3.75
283,2025-01-23_1,1/23/2025,1,22,82.6,3.75
291,2025-01-25_1,1/25/2025,1,22,82.6,3.75
347,2025-02-08_1,2/8/2025,1,22,82.6,3.75
363,2025-02-12_1,2/12/2025,1,22,82.6,3.75
435,2025-03-02_1,3/2/2025,1,22,82.6,3.75
459,2025-03-08_1,3/8/2025,1,22,82.6,3.75
771,2025-05-31_1,5/31/2025,1,22,82.6,3.75
835,2025-06-16_1,6/16/2025,1,22,82.6,3.75
880,2025-06-26_1,6/26/2025,1,22,82.6,3.75
757,2025-05-27_2,5/27/2025,2,22,114.6,5.21
1278,2025-09-15_2,9/15/2025,2,22,114.6,5.21
1489,2025-10-25_2,10/25/2025,2,22,114.6,5.21
1100,2025-08-08_3,8/8/2025,3,22,96.2,4.37
1513,2025-10-30_3,10/30/2025,3,22,96.2,4.37
294,2025-01-25_4,1/25/2025,4,22,121.5,5.52
462,2025-03-08_4,3/8/2025,4,22,121.5,5.52
486,2025-03-14_4,3/14/2025,4,22,121.5,5.52
830,2025-06-14_4,6/14/2025,4,22,121.5,5.52
44,2024-11-22_5,11/22/2024,5,22,82.6,3.75
51,2024-11-24_5,11/24/2024,5,22,82.6,3.75
145,2024-12-18_5,12/18/2024,5,22,82.6,3.75
177,2024-12-26_5,12/26/2024,5,22,82.6,3.75
208,2025-01-03_5,1/3/2025,5,22,82.6,3.75
216,2025-01-05_5,1/5/2025,5,22,82.6,3.75
255,2025-01-15_5,1/15/2025,5,22,82.6,3.75
303,2025-01-27_5,1/27/2025,5,22,82.6,3.75
319,2025-01-31_5,1/31/2025,5,22,82.6,3.75
327,2025-02-02_5,2/2/2025,5,22,82.6,3.75
407,2025-02-22_5,2/22/2025,5,22,82.6,3.75
431,2025-02-28_5,2/28/2025,5,22,82.6,3.75
495,2025-03-16_5,3/16/2025,5,22,82.6,3.75
539,2025-03-28_5,3/28/2025,5,22,82.6,3.75
554,2025-04-01_5,4/1/2025,5,22,82.6,3.75
622,2025-04-19_5,4/19/2025,5,22,82.6,3.75
638,2025-04-23_5,4/23/2025,5,22,82.6,3.75
666,2025-05-01_5,5/1/2025,5,22,82.6,3.75
798,2025-06-06_5,6/6/2025,5,22,82.6,3.75
865,2025-06-22_5,6/22/2025,5,22,82.6,3.75
884,2025-06-26_5,6/26/2025,5,22,82.6,3.75
968,2025-07-14_5,7/14/2025,5,22,82.6,3.75
1219,2025-09-02_5,9/2/2025,5,22,82.6,3.75
1543,2025-11-05_5,11/5/2025,5,22,82.6,3.75
1235,2025-09-05_7,9/5/2025,7,22,114.6,5.21
1412,2025-10-09_7,10/9/2025,7,22,114.6,5.21
1475,2025-10-22_7,10/22/2025,7,22,114.6,5.21
601,2025-04-13_8,4/13/2025,8,22,116,5.27
1260,2025-09-10_8,9/10/2025,8,22,116,5.27
267,2025-01-19_1,1/19/2025,1,23,82.6,3.59
395,2025-02-20_1,2/20/2025,1,23,82.6,3.59
427,2025-02-28_1,2/28/2025,1,23,82.6,3.59
811,2025-06-10_1,6/10/2025,1,23,82.6,3.59
672,2025-05-03_3,5/3/2025,3,23,96.2,4.18
1194,2025-08-28_3,8/28/2025,3,23,96.2,4.18
1205,2025-08-31_3,8/31/2025,3,23,96.2,4.18
1272,2025-09-14_3,9/14/2025,3,23,96.2,4.18
1337,2025-09-26_3,9/26/2025,3,23,96.2,4.18
144,2024-12-18_4,12/18/2024,4,23,121.5,5.28
161,2024-12-22_4,12/22/2024,4,23,121.5,5.28
191,2024-12-30_4,12/30/2024,4,23,121.5,5.28
318,2025-01-31_4,1/31/2025,4,23,121.5,5.28
414,2025-02-24_4,2/24/2025,4,23,121.5,5.28
98,2024-12-06_5,12/6/2024,5,23,82.6,3.59
162,2024-12-22_5,12/22/2024,5,23,82.6,3.59
343,2025-02-06_5,2/6/2025,5,23,82.6,3.59
351,2025-02-08_5,2/8/2025,5,23,82.6,3.59
383,2025-02-16_5,2/16/2025,5,23,82.6,3.59
415,2025-02-24_5,2/24/2025,5,23,82.6,3.59
439,2025-03-02_5,3/2/2025,5,23,82.6,3.59
463,2025-03-08_5,3/8/2025,5,23,82.6,3.59
547,2025-03-30_5,3/30/2025,5,23,82.6,3.59
738,2025-05-21_5,5/21/2025,5,23,82.6,3.59
775,2025-05-31_5,5/31/2025,5,23,82.6,3.59
999,2025-07-20_5,7/20/2025,5,23,82.6,3.59
1190,2025-08-27_5,8/27/2025,5,23,82.6,3.59
526,2025-03-24_6,3/24/2025,6,23,114.6,4.98
707,2025-05-13_7,5/13/2025,7,23,114.6,4.98
945,2025-07-08_7,7/8/2025,7,23,114.6,4.98
1236,2025-09-05_8,9/5/2025,8,23,116,5.04
1254,2025-09-09_8,9/9/2025,8,23,116,5.04
803,2025-06-08_1,6/8/2025,1,24,82.6,3.44
827,2025-06-14_1,6/14/2025,1,24,82.6,3.44
2,2024-11-12_2,11/12/2024,2,24,114.6,4.78
420,2025-02-26_2,2/26/2025,2,24,114.6,4.78
1124,2025-08-13_3,8/13/2025,3,24,96.2,4.01
1199,2025-08-29_3,8/29/2025,3,24,96.2,4.01
136,2024-12-16_4,12/16/2024,4,24,121.5,5.06
519,2025-03-22_5,3/22/2025,5,24,82.6,3.44
1086,2025-08-05_6,8/5/2025,6,24,114.6,4.78
1339,2025-09-26_6,9/26/2025,6,24,114.6,4.78
202,2025-01-01_7,1/1/2025,7,24,114.6,4.78
541,2025-03-28_7,3/28/2025,7,24,114.6,4.78
957,2025-07-11_7,7/11/2025,7,24,114.6,4.78
992,2025-07-18_7,7/18/2025,7,24,114.6,4.78
1066,2025-08-01_7,8/1/2025,7,24,114.6,4.78
1225,2025-09-03_7,9/3/2025,7,24,114.6,4.78
1450,2025-10-17_7,10/17/2025,7,24,114.6,4.78
982,2025-07-16_8,7/16/2025,8,24,116,4.83
993,2025-07-18_8,7/18/2025,8,24,116,4.83
1088,2025-08-05_8,8/5/2025,8,24,116,4.83
1265,2025-09-11_8,9/11/2025,8,24,116,4.83
1316,2025-09-22_8,9/22/2025,8,24,116,4.83
1330,2025-09-24_8,9/24/2025,8,24,116,4.83
743,2025-05-23_2,5/23/2025,2,25,114.6,4.58
983,2025-07-17_2,7/17/2025,2,25,114.6,4.58
1198,2025-08-29_2,8/29/2025,2,25,114.6,4.58
57,2024-11-26_3,11/26/2024,3,25,96.2,3.85
1085,2025-08-05_3,8/5/2025,3,25,96.2,3.85
1133,2025-08-15_3,8/15/2025,3,25,96.2,3.85
1478,2025-10-23_3,10/23/2025,3,25,96.2,3.85
629,2025-04-21_4,4/21/2025,4,25,121.5,4.86
540,2025-03-28_6,3/28/2025,6,25,114.6,4.58
944,2025-07-08_6,7/8/2025,6,25,114.6,4.58
985,2025-07-17_6,7/17/2025,6,25,114.6,4.58
1065,2025-08-01_6,8/1/2025,6,25,114.6,4.58
1386,2025-10-04_6,10/4/2025,6,25,114.6,4.58
1520,2025-10-31_6,10/31/2025,6,25,114.6,4.58
1186,2025-08-26_7,8/26/2025,7,25,114.6,4.58
1192,2025-08-27_7,8/27/2025,7,25,114.6,4.58
1516,2025-10-30_7,10/30/2025,7,25,114.6,4.58
557,2025-04-01_8,4/1/2025,8,25,116,4.64
1181,2025-08-25_8,8/25/2025,8,25,116,4.64
1355,2025-09-29_8,9/29/2025,8,25,116,4.64
1422,2025-10-11_8,10/11/2025,8,25,116,4.64
552,2025-04-01_2,4/1/2025,2,26,114.6,4.41
988,2025-07-18_2,7/18/2025,2,26,114.6,4.41
1004,2025-07-21_2,7/21/2025,2,26,114.6,4.41
1211,2025-09-01_2,9/1/2025,2,26,114.6,4.41
1371,2025-10-02_2,10/2/2025,2,26,114.6,4.41
1535,2025-11-04_2,11/4/2025,2,26,114.6,4.41
524,2025-03-24_3,3/24/2025,3,26,96.2,3.7
1496,2025-10-27_3,10/27/2025,3,26,96.2,3.7
1112,2025-08-11_4,8/11/2025,4,26,121.5,4.67
249,2025-01-13_6,1/13/2025,6,26,114.6,4.41
1179,2025-08-25_6,8/25/2025,6,26,114.6,4.41
1268,2025-09-12_6,9/12/2025,6,26,114.6,4.41
100,2024-12-06_7,12/6/2024,7,26,114.6,4.41
281,2025-01-21_7,1/21/2025,7,26,114.6,4.41
584,2025-04-09_7,4/9/2025,7,26,114.6,4.41
661,2025-04-29_7,4/29/2025,7,26,114.6,4.41
1007,2025-07-21_7,7/21/2025,7,26,114.6,4.41
1087,2025-08-05_7,8/5/2025,7,26,114.6,4.41
1092,2025-08-06_7,8/6/2025,7,26,114.6,4.41
1163,2025-08-21_7,8/21/2025,7,26,114.6,4.41
1168,2025-08-22_7,8/22/2025,7,26,114.6,4.41
1303,2025-09-19_7,9/19/2025,7,26,114.6,4.41
1361,2025-09-30_7,9/30/2025,7,26,114.6,4.41
1428,2025-10-13_7,10/13/2025,7,26,114.6,4.41
1435,2025-10-14_7,10/14/2025,7,26,114.6,4.41
1511,2025-10-29_7,10/29/2025,7,26,114.6,4.41
756,2025-05-25_8,5/25/2025,8,26,116,4.46
963,2025-07-12_8,7/12/2025,8,26,116,4.46
1122,2025-08-12_8,8/12/2025,8,26,116,4.46
1226,2025-09-03_8,9/3/2025,8,26,116,4.46
1388,2025-10-04_8,10/4/2025,8,26,116,4.46
1488,2025-10-24_8,10/24/2025,8,26,116,4.46
1570,2025-11-10_8,11/10/2025,8,26,116,4.46
595,2025-04-13_2,4/13/2025,2,27,114.6,4.24
664,2025-05-01_2,5/1/2025,2,27,114.6,4.24
965,2025-07-14_2,7/14/2025,2,27,114.6,4.24
1132,2025-08-15_2,8/15/2025,2,27,114.6,4.24
1541,2025-11-05_2,11/5/2025,2,27,114.6,4.24
1577,2025-11-12_2,11/12/2025,2,27,114.6,4.24
183,2024-12-28_3,12/28/2024,3,27,96.2,3.56
966,2025-07-14_3,7/14/2025,3,27,96.2,3.56
989,2025-07-18_3,7/18/2025,3,27,96.2,3.56
1021,2025-07-24_3,7/24/2025,3,27,96.2,3.56
1047,2025-07-29_3,7/29/2025,3,27,96.2,3.56
1058,2025-07-31_3,7/31/2025,3,27,96.2,3.56
1326,2025-09-24_3,9/24/2025,3,27,96.2,3.56
1448,2025-10-17_3,10/17/2025,3,27,96.2,3.56
1536,2025-11-04_3,11/4/2025,3,27,96.2,3.56
589,2025-04-11_4,4/11/2025,4,27,121.5,4.5
936,2025-07-07_4,7/7/2025,4,27,121.5,4.5
84,2024-12-02_6,12/2/2024,6,27,114.6,4.24
480,2025-03-12_6,3/12/2025,6,27,114.6,4.24
667,2025-05-01_6,5/1/2025,6,27,114.6,4.24
1035,2025-07-26_6,7/26/2025,6,27,114.6,4.24
1106,2025-08-09_6,8/9/2025,6,27,114.6,4.24
1353,2025-09-29_6,9/29/2025,6,27,114.6,4.24
1440,2025-10-15_6,10/15/2025,6,27,114.6,4.24
1455,2025-10-18_6,10/18/2025,6,27,114.6,4.24
1492,2025-10-25_6,10/25/2025,6,27,114.6,4.24
131,2024-12-14_7,12/14/2024,7,27,114.6,4.24
250,2025-01-13_7,1/13/2025,7,27,114.6,4.24
337,2025-02-04_7,2/4/2025,7,27,114.6,4.24
513,2025-03-20_7,3/20/2025,7,27,114.6,4.24
521,2025-03-22_7,3/22/2025,7,27,114.6,4.24
527,2025-03-24_7,3/24/2025,7,27,114.6,4.24
632,2025-04-21_7,4/21/2025,7,27,114.6,4.24
755,2025-05-25_7,5/25/2025,7,27,114.6,4.24
1121,2025-08-12_7,8/12/2025,7,27,114.6,4.24
1221,2025-09-02_7,9/2/2025,7,27,114.6,4.24
1293,2025-09-17_7,9/17/2025,7,27,114.6,4.24
1298,2025-09-18_7,9/18/2025,7,27,114.6,4.24
1407,2025-10-08_7,10/8/2025,7,27,114.6,4.24
1545,2025-11-05_7,11/5/2025,7,27,114.6,4.24
474,2025-03-10_8,3/10/2025,8,27,116,4.3
708,2025-05-13_8,5/13/2025,8,27,116,4.3
1018,2025-07-23_8,7/23/2025,8,27,116,4.3
1061,2025-07-31_8,7/31/2025,8,27,116,4.3
1083,2025-08-04_8,8/4/2025,8,27,116,4.3
1288,2025-09-16_8,9/16/2025,8,27,116,4.3
1348,2025-09-28_8,9/28/2025,8,27,116,4.3
1463,2025-10-20_8,10/20/2025,8,27,116,4.3
275,2025-01-21_1,1/21/2025,1,28,82.6,2.95
245,2025-01-13_2,1/13/2025,2,28,114.6,4.09
492,2025-03-16_2,3/16/2025,2,28,114.6,4.09
572,2025-04-07_2,4/7/2025,2,28,114.6,4.09
579,2025-04-09_2,4/9/2025,2,28,114.6,4.09
587,2025-04-11_2,4/11/2025,2,28,114.6,4.09
604,2025-04-15_2,4/15/2025,2,28,114.6,4.09
619,2025-04-19_2,4/19/2025,2,28,114.6,4.09
657,2025-04-29_2,4/29/2025,2,28,114.6,4.09
751,2025-05-25_2,5/25/2025,2,28,114.6,4.09
941,2025-07-08_2,7/8/2025,2,28,114.6,4.09
954,2025-07-11_2,7/11/2025,2,28,114.6,4.09
1078,2025-08-04_2,8/4/2025,2,28,114.6,4.09
1128,2025-08-14_2,8/14/2025,2,28,114.6,4.09
1243,2025-09-08_2,9/8/2025,2,28,114.6,4.09
1465,2025-10-21_2,10/21/2025,2,28,114.6,4.09
112,2024-12-10_3,12/10/2024,3,28,96.2,3.44
127,2024-12-14_3,12/14/2024,3,28,96.2,3.44
531,2025-03-26_3,3/26/2025,3,28,96.2,3.44
580,2025-04-09_3,4/9/2025,3,28,96.2,3.44
628,2025-04-21_3,4/21/2025,3,28,96.2,3.44
871,2025-06-24_3,6/24/2025,3,28,96.2,3.44
955,2025-07-11_3,7/11/2025,3,28,96.2,3.44
1005,2025-07-21_3,7/21/2025,3,28,96.2,3.44
1040,2025-07-28_3,7/28/2025,3,28,96.2,3.44
1189,2025-08-27_3,8/27/2025,3,28,96.2,3.44
1384,2025-10-04_3,10/4/2025,3,28,96.2,3.44
1409,2025-10-09_3,10/9/2025,3,28,96.2,3.44
1459,2025-10-20_3,10/20/2025,3,28,96.2,3.44
1508,2025-10-29_3,10/29/2025,3,28,96.2,3.44
91,2024-12-04_6,12/4/2024,6,28,114.6,4.09
130,2024-12-14_6,12/14/2024,6,28,114.6,4.09
424,2025-02-26_6,2/26/2025,6,28,114.6,4.09
472,2025-03-10_6,3/10/2025,6,28,114.6,4.09
555,2025-04-01_6,4/1/2025,6,28,114.6,4.09
754,2025-05-25_6,5/25/2025,6,28,114.6,4.09
791,2025-06-04_6,6/4/2025,6,28,114.6,4.09
849,2025-06-18_6,6/18/2025,6,28,114.6,4.09
961,2025-07-12_6,7/12/2025,6,28,114.6,4.09
991,2025-07-18_6,7/18/2025,6,28,114.6,4.09
1010,2025-07-22_6,7/22/2025,6,28,114.6,4.09
1153,2025-08-19_6,8/19/2025,6,28,114.6,4.09
1157,2025-08-20_6,8/20/2025,6,28,114.6,4.09
1185,2025-08-26_6,8/26/2025,6,28,114.6,4.09
1258,2025-09-10_6,9/10/2025,6,28,114.6,4.09
1263,2025-09-11_6,9/11/2025,6,28,114.6,4.09
1292,2025-09-17_6,9/17/2025,6,28,114.6,4.09
1434,2025-10-14_6,10/14/2025,6,28,114.6,4.09
1568,2025-11-10_6,11/10/2025,6,28,114.6,4.09
85,2024-12-02_7,12/2/2024,7,28,114.6,4.09
473,2025-03-10_7,3/10/2025,7,28,114.6,4.09
701,2025-05-11_7,5/11/2025,7,28,114.6,4.09
769,2025-05-29_7,5/29/2025,7,28,114.6,4.09
939,2025-07-07_7,7/7/2025,7,28,114.6,4.09
962,2025-07-12_7,7/12/2025,7,28,114.6,4.09
1017,2025-07-23_7,7/23/2025,7,28,114.6,4.09
1024,2025-07-24_7,7/24/2025,7,28,114.6,4.09
1060,2025-07-31_7,7/31/2025,7,28,114.6,4.09
1127,2025-08-13_7,8/13/2025,7,28,114.6,4.09
1149,2025-08-18_7,8/18/2025,7,28,114.6,4.09
1264,2025-09-11_7,9/11/2025,7,28,114.6,4.09
1340,2025-09-26_7,9/26/2025,7,28,114.6,4.09
1580,2025-11-12_7,11/12/2025,7,28,114.6,4.09
219,2025-01-05_8,1/5/2025,8,28,116,4.14
354,2025-02-08_8,2/8/2025,8,28,116,4.14
450,2025-03-04_8,3/4/2025,8,28,116,4.14
702,2025-05-11_8,5/11/2025,8,28,116,4.14
785,2025-06-02_8,6/2/2025,8,28,116,4.14
971,2025-07-14_8,7/14/2025,8,28,116,4.14
1051,2025-07-29_8,7/29/2025,8,28,116,4.14
1187,2025-08-26_8,8/26/2025,8,28,116,4.14
1231,2025-09-04_8,9/4/2025,8,28,116,4.14
1382,2025-10-03_8,10/3/2025,8,28,116,4.14
1476,2025-10-22_8,10/22/2025,8,28,116,4.14
1540,2025-11-04_8,11/4/2025,8,28,116,4.14
1576,2025-11-11_8,11/11/2025,8,28,116,4.14
1581,2025-11-12_8,11/12/2025,8,28,116,4.14
16,2024-11-16_2,11/16/2024,2,29,114.6,3.95
150,2024-12-20_2,12/20/2024,2,29,114.6,3.95
253,2025-01-15_2,1/15/2025,2,29,114.6,3.95
324,2025-02-02_2,2/2/2025,2,29,114.6,3.95
372,2025-02-14_2,2/14/2025,2,29,114.6,3.95
444,2025-03-04_2,3/4/2025,2,29,114.6,3.95
530,2025-03-26_2,3/26/2025,2,29,114.6,3.95
558,2025-04-03_2,4/3/2025,2,29,114.6,3.95
650,2025-04-27_2,4/27/2025,2,29,114.6,3.95
780,2025-06-02_2,6/2/2025,2,29,114.6,3.95
812,2025-06-10_2,6/10/2025,2,29,114.6,3.95
870,2025-06-24_2,6/24/2025,2,29,114.6,3.95
978,2025-07-16_2,7/16/2025,2,29,114.6,3.95
1046,2025-07-29_2,7/29/2025,2,29,114.6,3.95
1062,2025-08-01_2,8/1/2025,2,29,114.6,3.95
1094,2025-08-07_2,8/7/2025,2,29,114.6,3.95
1110,2025-08-11_2,8/11/2025,2,29,114.6,3.95
1123,2025-08-13_2,8/13/2025,2,29,114.6,3.95
1138,2025-08-17_2,8/17/2025,2,29,114.6,3.95
1155,2025-08-20_2,8/20/2025,2,29,114.6,3.95
1193,2025-08-28_2,8/28/2025,2,29,114.6,3.95
1217,2025-09-02_2,9/2/2025,2,29,114.6,3.95
1249,2025-09-09_2,9/9/2025,2,29,114.6,3.95
1294,2025-09-18_2,9/18/2025,2,29,114.6,3.95
1305,2025-09-20_2,9/20/2025,2,29,114.6,3.95
1318,2025-09-23_2,9/23/2025,2,29,114.6,3.95
1336,2025-09-26_2,9/26/2025,2,29,114.6,3.95
1418,2025-10-11_2,10/11/2025,2,29,114.6,3.95
1437,2025-10-15_2,10/15/2025,2,29,114.6,3.95
1442,2025-10-16_2,10/16/2025,2,29,114.6,3.95
1452,2025-10-18_2,10/18/2025,2,29,114.6,3.95
1471,2025-10-22_2,10/22/2025,2,29,114.6,3.95
1483,2025-10-24_2,10/24/2025,2,29,114.6,3.95
1502,2025-10-28_2,10/28/2025,2,29,114.6,3.95
1507,2025-10-29_2,10/29/2025,2,29,114.6,3.95
34,2024-11-20_3,11/20/2024,3,29,96.2,3.32
82,2024-12-02_3,12/2/2024,3,29,96.2,3.32
277,2025-01-21_3,1/21/2025,3,29,96.2,3.32
333,2025-02-04_3,2/4/2025,3,29,96.2,3.32
349,2025-02-08_3,2/8/2025,3,29,96.2,3.32
413,2025-02-24_3,2/24/2025,3,29,96.2,3.32
517,2025-03-22_3,3/22/2025,3,29,96.2,3.32
698,2025-05-11_3,5/11/2025,3,29,96.2,3.32
727,2025-05-19_3,5/19/2025,3,29,96.2,3.32
744,2025-05-23_3,5/23/2025,3,29,96.2,3.32
846,2025-06-18_3,6/18/2025,3,29,96.2,3.32
1027,2025-07-25_3,7/25/2025,3,29,96.2,3.32
1090,2025-08-06_3,8/6/2025,3,29,96.2,3.32
1095,2025-08-07_3,8/7/2025,3,29,96.2,3.32
1129,2025-08-14_3,8/14/2025,3,29,96.2,3.32
1218,2025-09-02_3,9/2/2025,3,29,96.2,3.32
1223,2025-09-03_3,9/3/2025,3,29,96.2,3.32
1285,2025-09-16_3,9/16/2025,3,29,96.2,3.32
1358,2025-09-30_3,9/30/2025,3,29,96.2,3.32
1398,2025-10-07_3,10/7/2025,3,29,96.2,3.32
1438,2025-10-15_3,10/15/2025,3,29,96.2,3.32
1466,2025-10-21_3,10/21/2025,3,29,96.2,3.32
1529,2025-11-03_3,11/3/2025,3,29,96.2,3.32
1542,2025-11-05_3,11/5/2025,3,29,96.2,3.32
1554,2025-11-07_3,11/7/2025,3,29,96.2,3.32
502,2025-03-18_4,3/18/2025,4,29,121.5,4.19
872,2025-06-24_4,6/24/2025,4,29,121.5,4.19
77,2024-11-30_6,11/30/2024,6,29,114.6,3.95
99,2024-12-06_6,12/6/2024,6,29,114.6,3.95
154,2024-12-20_6,12/20/2024,6,29,114.6,3.95
264,2025-01-17_6,1/17/2025,6,29,114.6,3.95
464,2025-03-08_6,3/8/2025,6,29,114.6,3.95
607,2025-04-15_6,4/15/2025,6,29,114.6,3.95
660,2025-04-29_6,4/29/2025,6,29,114.6,3.95
680,2025-05-05_6,5/5/2025,6,29,114.6,3.95
714,2025-05-15_6,5/15/2025,6,29,114.6,3.95
913,2025-07-02_6,7/2/2025,6,29,114.6,3.95
980,2025-07-16_6,7/16/2025,6,29,114.6,3.95
1006,2025-07-21_6,7/21/2025,6,29,114.6,3.95
1023,2025-07-24_6,7/24/2025,6,29,114.6,3.95
1029,2025-07-25_6,7/25/2025,6,29,114.6,3.95
1054,2025-07-30_6,7/30/2025,6,29,114.6,3.95
1074,2025-08-03_6,8/3/2025,6,29,114.6,3.95
1135,2025-08-15_6,8/15/2025,6,29,114.6,3.95
1148,2025-08-18_6,8/18/2025,6,29,114.6,3.95
1167,2025-08-22_6,8/22/2025,6,29,114.6,3.95
1196,2025-08-28_6,8/28/2025,6,29,114.6,3.95
1207,2025-08-31_6,8/31/2025,6,29,114.6,3.95
1224,2025-09-03_6,9/3/2025,6,29,114.6,3.95
1274,2025-09-14_6,9/14/2025,6,29,114.6,3.95
1314,2025-09-22_6,9/22/2025,6,29,114.6,3.95
1360,2025-09-30_6,9/30/2025,6,29,114.6,3.95
1393,2025-10-06_6,10/6/2025,6,29,114.6,3.95
1400,2025-10-07_6,10/7/2025,6,29,114.6,3.95
1474,2025-10-22_6,10/22/2025,6,29,114.6,3.95
1480,2025-10-23_6,10/23/2025,6,29,114.6,3.95
1486,2025-10-24_6,10/24/2025,6,29,114.6,3.95
1515,2025-10-30_6,10/30/2025,6,29,114.6,3.95
1574,2025-11-11_6,11/11/2025,6,29,114.6,3.95
78,2024-11-30_7,11/30/2024,7,29,114.6,3.95
409,2025-02-22_7,2/22/2025,7,29,114.6,3.95
417,2025-02-24_7,2/24/2025,7,29,114.6,3.95
425,2025-02-26_7,2/26/2025,7,29,114.6,3.95
556,2025-04-01_7,4/1/2025,7,29,114.6,3.95
576,2025-04-07_7,4/7/2025,7,29,114.6,3.95
608,2025-04-15_7,4/15/2025,7,29,114.6,3.95
675,2025-05-03_7,5/3/2025,7,29,114.6,3.95
792,2025-06-04_7,6/4/2025,7,29,114.6,3.95
902,2025-06-30_7,6/30/2025,7,29,114.6,3.95
986,2025-07-17_7,7/17/2025,7,29,114.6,3.95
1055,2025-07-30_7,7/30/2025,7,29,114.6,3.95
1136,2025-08-15_7,8/15/2025,7,29,114.6,3.95
1143,2025-08-17_7,8/17/2025,7,29,114.6,3.95
1158,2025-08-20_7,8/20/2025,7,29,114.6,3.95
1180,2025-08-25_7,8/25/2025,7,29,114.6,3.95
1259,2025-09-10_7,9/10/2025,7,29,114.6,3.95
1275,2025-09-14_7,9/14/2025,7,29,114.6,3.95
1287,2025-09-16_7,9/16/2025,7,29,114.6,3.95
1322,2025-09-23_7,9/23/2025,7,29,114.6,3.95
1387,2025-10-04_7,10/4/2025,7,29,114.6,3.95
1469,2025-10-21_7,10/21/2025,7,29,114.6,3.95
1481,2025-10-23_7,10/23/2025,7,29,114.6,3.95
1487,2025-10-24_7,10/24/2025,7,29,114.6,3.95
1526,2025-11-01_7,11/1/2025,7,29,114.6,3.95
1532,2025-11-03_7,11/3/2025,7,29,114.6,3.95
1539,2025-11-04_7,11/4/2025,7,29,114.6,3.95
1569,2025-11-10_7,11/10/2025,7,29,114.6,3.95
62,2024-11-26_8,11/26/2024,8,29,116,4
86,2024-12-02_8,12/2/2024,8,29,116,4
109,2024-12-08_8,12/8/2024,8,29,116,4
116,2024-12-10_8,12/10/2024,8,29,116,4
251,2025-01-13_8,1/13/2025,8,29,116,4
266,2025-01-17_8,1/17/2025,8,29,116,4
338,2025-02-04_8,2/4/2025,8,29,116,4
370,2025-02-12_8,2/12/2025,8,29,116,4
498,2025-03-16_8,3/16/2025,8,29,116,4
506,2025-03-18_8,3/18/2025,8,29,116,4
801,2025-06-06_8,6/6/2025,8,29,116,4
851,2025-06-18_8,6/18/2025,8,29,116,4
977,2025-07-15_8,7/15/2025,8,29,116,4
1031,2025-07-25_8,7/25/2025,8,29,116,4
1174,2025-08-23_8,8/23/2025,8,29,116,4
1216,2025-09-01_8,9/1/2025,8,29,116,4
1417,2025-10-10_8,10/10/2025,8,29,116,4
1552,2025-11-06_8,11/6/2025,8,29,116,4
9,2024-11-14_2,11/14/2024,2,30,114.6,3.82
41,2024-11-22_2,11/22/2024,2,30,114.6,3.82
49,2024-11-24_2,11/24/2024,2,30,114.6,3.82
56,2024-11-26_2,11/26/2024,2,30,114.6,3.82
65,2024-11-28_2,11/28/2024,2,30,114.6,3.82
81,2024-12-02_2,12/2/2024,2,30,114.6,3.82
95,2024-12-06_2,12/6/2024,2,30,114.6,3.82
103,2024-12-08_2,12/8/2024,2,30,114.6,3.82
118,2024-12-12_2,12/12/2024,2,30,114.6,3.82
142,2024-12-18_2,12/18/2024,2,30,114.6,3.82
167,2024-12-24_2,12/24/2024,2,30,114.6,3.82
197,2025-01-01_2,1/1/2025,2,30,114.6,3.82
205,2025-01-03_2,1/3/2025,2,30,114.6,3.82
229,2025-01-09_2,1/9/2025,2,30,114.6,3.82
284,2025-01-23_2,1/23/2025,2,30,114.6,3.82
340,2025-02-06_2,2/6/2025,2,30,114.6,3.82
364,2025-02-12_2,2/12/2025,2,30,114.6,3.82
388,2025-02-18_2,2/18/2025,2,30,114.6,3.82
436,2025-03-02_2,3/2/2025,2,30,114.6,3.82
452,2025-03-06_2,3/6/2025,2,30,114.6,3.82
523,2025-03-24_2,3/24/2025,2,30,114.6,3.82
627,2025-04-21_2,4/21/2025,2,30,114.6,3.82
635,2025-04-23_2,4/23/2025,2,30,114.6,3.82
643,2025-04-25_2,4/25/2025,2,30,114.6,3.82
677,2025-05-05_2,5/5/2025,2,30,114.6,3.82
683,2025-05-07_2,5/7/2025,2,30,114.6,3.82
697,2025-05-11_2,5/11/2025,2,30,114.6,3.82
710,2025-05-15_2,5/15/2025,2,30,114.6,3.82
726,2025-05-19_2,5/19/2025,2,30,114.6,3.82
764,2025-05-29_2,5/29/2025,2,30,114.6,3.82
909,2025-07-02_2,7/2/2025,2,30,114.6,3.82
959,2025-07-12_2,7/12/2025,2,30,114.6,3.82
972,2025-07-15_2,7/15/2025,2,30,114.6,3.82
1020,2025-07-24_2,7/24/2025,2,30,114.6,3.82
1032,2025-07-26_2,7/26/2025,2,30,114.6,3.82
1039,2025-07-28_2,7/28/2025,2,30,114.6,3.82
1052,2025-07-30_2,7/30/2025,2,30,114.6,3.82
1057,2025-07-31_2,7/31/2025,2,30,114.6,3.82
1084,2025-08-05_2,8/5/2025,2,30,114.6,3.82
1104,2025-08-09_2,8/9/2025,2,30,114.6,3.82
1117,2025-08-12_2,8/12/2025,2,30,114.6,3.82
1146,2025-08-18_2,8/18/2025,2,30,114.6,3.82
1150,2025-08-19_2,8/19/2025,2,30,114.6,3.82
1159,2025-08-21_2,8/21/2025,2,30,114.6,3.82
1164,2025-08-22_2,8/22/2025,2,30,114.6,3.82
1176,2025-08-25_2,8/25/2025,2,30,114.6,3.82
1188,2025-08-27_2,8/27/2025,2,30,114.6,3.82
1204,2025-08-31_2,8/31/2025,2,30,114.6,3.82
1232,2025-09-05_2,9/5/2025,2,30,114.6,3.82
1237,2025-09-06_2,9/6/2025,2,30,114.6,3.82
1255,2025-09-10_2,9/10/2025,2,30,114.6,3.82
1261,2025-09-11_2,9/11/2025,2,30,114.6,3.82
1284,2025-09-16_2,9/16/2025,2,30,114.6,3.82
1299,2025-09-19_2,9/19/2025,2,30,114.6,3.82
1311,2025-09-22_2,9/22/2025,2,30,114.6,3.82
1325,2025-09-24_2,9/24/2025,2,30,114.6,3.82
1331,2025-09-25_2,9/25/2025,2,30,114.6,3.82
1350,2025-09-29_2,9/29/2025,2,30,114.6,3.82
1357,2025-09-30_2,9/30/2025,2,30,114.6,3.82
1383,2025-10-04_2,10/4/2025,2,30,114.6,3.82
1390,2025-10-06_2,10/6/2025,2,30,114.6,3.82
1397,2025-10-07_2,10/7/2025,2,30,114.6,3.82
1403,2025-10-08_2,10/8/2025,2,30,114.6,3.82
1408,2025-10-09_2,10/9/2025,2,30,114.6,3.82
1413,2025-10-10_2,10/10/2025,2,30,114.6,3.82
1424,2025-10-13_2,10/13/2025,2,30,114.6,3.82
1431,2025-10-14_2,10/14/2025,2,30,114.6,3.82
1447,2025-10-17_2,10/17/2025,2,30,114.6,3.82
1477,2025-10-23_2,10/23/2025,2,30,114.6,3.82
1495,2025-10-27_2,10/27/2025,2,30,114.6,3.82
1512,2025-10-30_2,10/30/2025,2,30,114.6,3.82
1517,2025-10-31_2,10/31/2025,2,30,114.6,3.82
1522,2025-11-01_2,11/1/2025,2,30,114.6,3.82
1548,2025-11-06_2,11/6/2025,2,30,114.6,3.82
1553,2025-11-07_2,11/7/2025,2,30,114.6,3.82
1571,2025-11-11_2,11/11/2025,2,30,114.6,3.82
3,2024-11-12_3,11/12/2024,3,30,96.2,3.21
10,2024-11-14_3,11/14/2024,3,30,96.2,3.21
17,2024-11-16_3,11/16/2024,3,30,96.2,3.21
25,2024-11-18_3,11/18/2024,3,30,96.2,3.21
66,2024-11-28_3,11/28/2024,3,30,96.2,3.21
198,2025-01-01_3,1/1/2025,3,30,96.2,3.21
206,2025-01-03_3,1/3/2025,3,30,96.2,3.21
254,2025-01-15_3,1/15/2025,3,30,96.2,3.21
285,2025-01-23_3,1/23/2025,3,30,96.2,3.21
309,2025-01-29_3,1/29/2025,3,30,96.2,3.21
341,2025-02-06_3,2/6/2025,3,30,96.2,3.21
365,2025-02-12_3,2/12/2025,3,30,96.2,3.21
373,2025-02-14_3,2/14/2025,3,30,96.2,3.21
437,2025-03-02_3,3/2/2025,3,30,96.2,3.21
453,2025-03-06_3,3/6/2025,3,30,96.2,3.21
469,2025-03-10_3,3/10/2025,3,30,96.2,3.21
478,2025-03-12_3,3/12/2025,3,30,96.2,3.21
493,2025-03-16_3,3/16/2025,3,30,96.2,3.21
553,2025-04-01_3,4/1/2025,3,30,96.2,3.21
573,2025-04-07_3,4/7/2025,3,30,96.2,3.21
596,2025-04-13_3,4/13/2025,3,30,96.2,3.21
605,2025-04-15_3,4/15/2025,3,30,96.2,3.21
658,2025-04-29_3,4/29/2025,3,30,96.2,3.21
665,2025-05-01_3,5/1/2025,3,30,96.2,3.21
704,2025-05-13_3,5/13/2025,3,30,96.2,3.21
788,2025-06-04_3,6/4/2025,3,30,96.2,3.21
863,2025-06-22_3,6/22/2025,3,30,96.2,3.21
882,2025-06-26_3,6/26/2025,3,30,96.2,3.21
898,2025-06-30_3,6/30/2025,3,30,96.2,3.21
919,2025-07-04_3,7/4/2025,3,30,96.2,3.21
935,2025-07-07_3,7/7/2025,3,30,96.2,3.21
942,2025-07-08_3,7/8/2025,3,30,96.2,3.21
948,2025-07-10_3,7/10/2025,3,30,96.2,3.21
960,2025-07-12_3,7/12/2025,3,30,96.2,3.21
979,2025-07-16_3,7/16/2025,3,30,96.2,3.21
984,2025-07-17_3,7/17/2025,3,30,96.2,3.21
1009,2025-07-22_3,7/22/2025,3,30,96.2,3.21
1014,2025-07-23_3,7/23/2025,3,30,96.2,3.21
1033,2025-07-26_3,7/26/2025,3,30,96.2,3.21
1063,2025-08-01_3,8/1/2025,3,30,96.2,3.21
1111,2025-08-11_3,8/11/2025,3,30,96.2,3.21
1118,2025-08-12_3,8/12/2025,3,30,96.2,3.21
1147,2025-08-18_3,8/18/2025,3,30,96.2,3.21
1151,2025-08-19_3,8/19/2025,3,30,96.2,3.21
1156,2025-08-20_3,8/20/2025,3,30,96.2,3.21
1160,2025-08-21_3,8/21/2025,3,30,96.2,3.21
1171,2025-08-23_3,8/23/2025,3,30,96.2,3.21
1177,2025-08-25_3,8/25/2025,3,30,96.2,3.21
1212,2025-09-01_3,9/1/2025,3,30,96.2,3.21
1228,2025-09-04_3,9/4/2025,3,30,96.2,3.21
1233,2025-09-05_3,9/5/2025,3,30,96.2,3.21
1238,2025-09-06_3,9/6/2025,3,30,96.2,3.21
1244,2025-09-08_3,9/8/2025,3,30,96.2,3.21
1256,2025-09-10_3,9/10/2025,3,30,96.2,3.21
1262,2025-09-11_3,9/11/2025,3,30,96.2,3.21
1279,2025-09-15_3,9/15/2025,3,30,96.2,3.21
1290,2025-09-17_3,9/17/2025,3,30,96.2,3.21
1295,2025-09-18_3,9/18/2025,3,30,96.2,3.21
1312,2025-09-22_3,9/22/2025,3,30,96.2,3.21
1319,2025-09-23_3,9/23/2025,3,30,96.2,3.21
1332,2025-09-25_3,9/25/2025,3,30,96.2,3.21
1378,2025-10-03_3,10/3/2025,3,30,96.2,3.21
1391,2025-10-06_3,10/6/2025,3,30,96.2,3.21
1414,2025-10-10_3,10/10/2025,3,30,96.2,3.21
1419,2025-10-11_3,10/11/2025,3,30,96.2,3.21
1425,2025-10-13_3,10/13/2025,3,30,96.2,3.21
1432,2025-10-14_3,10/14/2025,3,30,96.2,3.21
1443,2025-10-16_3,10/16/2025,3,30,96.2,3.21
1472,2025-10-22_3,10/22/2025,3,30,96.2,3.21
1503,2025-10-28_3,10/28/2025,3,30,96.2,3.21
1518,2025-10-31_3,10/31/2025,3,30,96.2,3.21
1523,2025-11-01_3,11/1/2025,3,30,96.2,3.21
1549,2025-11-06_3,11/6/2025,3,30,96.2,3.21
1560,2025-11-08_3,11/8/2025,3,30,96.2,3.21
1566,2025-11-10_3,11/10/2025,3,30,96.2,3.21
1572,2025-11-11_3,11/11/2025,3,30,96.2,3.21
1578,2025-11-12_3,11/12/2025,3,30,96.2,3.21
26,2024-11-18_4,11/18/2024,4,30,121.5,4.05
302,2025-01-27_4,1/27/2025,4,30,121.5,4.05
358,2025-02-10_4,2/10/2025,4,30,121.5,4.05
814,2025-06-10_4,6/10/2025,4,30,121.5,4.05
838,2025-06-16_4,6/16/2025,4,30,121.5,4.05
899,2025-06-30_4,6/30/2025,4,30,121.5,4.05
1041,2025-07-28_4,7/28/2025,4,30,121.5,4.05
5,2024-11-12_6,11/12/2024,6,30,114.6,3.82
12,2024-11-14_6,11/14/2024,6,30,114.6,3.82
20,2024-11-16_6,11/16/2024,6,30,114.6,3.82
28,2024-11-18_6,11/18/2024,6,30,114.6,3.82
37,2024-11-20_6,11/20/2024,6,30,114.6,3.82
107,2024-12-08_6,12/8/2024,6,30,114.6,3.82
122,2024-12-12_6,12/12/2024,6,30,114.6,3.82
163,2024-12-22_6,12/22/2024,6,30,114.6,3.82
170,2024-12-24_6,12/24/2024,6,30,114.6,3.82
193,2024-12-30_6,12/30/2024,6,30,114.6,3.82
280,2025-01-21_6,1/21/2025,6,30,114.6,3.82
288,2025-01-23_6,1/23/2025,6,30,114.6,3.82
312,2025-01-29_6,1/29/2025,6,30,114.6,3.82
392,2025-02-18_6,2/18/2025,6,30,114.6,3.82
408,2025-02-22_6,2/22/2025,6,30,114.6,3.82
448,2025-03-04_6,3/4/2025,6,30,114.6,3.82
583,2025-04-09_6,4/9/2025,6,30,114.6,3.82
639,2025-04-23_6,4/23/2025,6,30,114.6,3.82
686,2025-05-07_6,5/7/2025,6,30,114.6,3.82
700,2025-05-11_6,5/11/2025,6,30,114.6,3.82
747,2025-05-23_6,5/23/2025,6,30,114.6,3.82
760,2025-05-27_6,5/27/2025,6,30,114.6,3.82
808,2025-06-08_6,6/8/2025,6,30,114.6,3.82
901,2025-06-30_6,6/30/2025,6,30,114.6,3.82
930,2025-07-06_6,7/6/2025,6,30,114.6,3.82
938,2025-07-07_6,7/7/2025,6,30,114.6,3.82
975,2025-07-15_6,7/15/2025,6,30,114.6,3.82
1043,2025-07-28_6,7/28/2025,6,30,114.6,3.82
1059,2025-07-31_6,7/31/2025,6,30,114.6,3.82
1081,2025-08-04_6,8/4/2025,6,30,114.6,3.82
1091,2025-08-06_6,8/6/2025,6,30,114.6,3.82
1120,2025-08-12_6,8/12/2025,6,30,114.6,3.82
1130,2025-08-14_6,8/14/2025,6,30,114.6,3.82
1162,2025-08-21_6,8/21/2025,6,30,114.6,3.82
1201,2025-08-29_6,8/29/2025,6,30,114.6,3.82
1214,2025-09-01_6,9/1/2025,6,30,114.6,3.82
1229,2025-09-04_6,9/4/2025,6,30,114.6,3.82
1234,2025-09-05_6,9/5/2025,6,30,114.6,3.82
1240,2025-09-06_6,9/6/2025,6,30,114.6,3.82
1246,2025-09-08_6,9/8/2025,6,30,114.6,3.82
1252,2025-09-09_6,9/9/2025,6,30,114.6,3.82
1281,2025-09-15_6,9/15/2025,6,30,114.6,3.82
1286,2025-09-16_6,9/16/2025,6,30,114.6,3.82
1297,2025-09-18_6,9/18/2025,6,30,114.6,3.82
1302,2025-09-19_6,9/19/2025,6,30,114.6,3.82
1328,2025-09-24_6,9/24/2025,6,30,114.6,3.82
1334,2025-09-25_6,9/25/2025,6,30,114.6,3.82
1368,2025-10-01_6,10/1/2025,6,30,114.6,3.82
1380,2025-10-03_6,10/3/2025,6,30,114.6,3.82
1406,2025-10-08_6,10/8/2025,6,30,114.6,3.82
1411,2025-10-09_6,10/9/2025,6,30,114.6,3.82
1415,2025-10-10_6,10/10/2025,6,30,114.6,3.82
1420,2025-10-11_6,10/11/2025,6,30,114.6,3.82
1427,2025-10-13_6,10/13/2025,6,30,114.6,3.82
1445,2025-10-16_6,10/16/2025,6,30,114.6,3.82
1449,2025-10-17_6,10/17/2025,6,30,114.6,3.82
1468,2025-10-21_6,10/21/2025,6,30,114.6,3.82
1498,2025-10-27_6,10/27/2025,6,30,114.6,3.82
1510,2025-10-29_6,10/29/2025,6,30,114.6,3.82
1525,2025-11-01_6,11/1/2025,6,30,114.6,3.82
1538,2025-11-04_6,11/4/2025,6,30,114.6,3.82
1544,2025-11-05_6,11/5/2025,6,30,114.6,3.82
1551,2025-11-06_6,11/6/2025,6,30,114.6,3.82
13,2024-11-14_7,11/14/2024,7,30,114.6,3.82
115,2024-12-10_7,12/10/2024,7,30,114.6,3.82
123,2024-12-12_7,12/12/2024,7,30,114.6,3.82
155,2024-12-20_7,12/20/2024,7,30,114.6,3.82
171,2024-12-24_7,12/24/2024,7,30,114.6,3.82
186,2024-12-28_7,12/28/2024,7,30,114.6,3.82
257,2025-01-15_7,1/15/2025,7,30,114.6,3.82
273,2025-01-19_7,1/19/2025,7,30,114.6,3.82
313,2025-01-29_7,1/29/2025,7,30,114.6,3.82
385,2025-02-16_7,2/16/2025,7,30,114.6,3.82
449,2025-03-04_7,3/4/2025,7,30,114.6,3.82
481,2025-03-12_7,3/12/2025,7,30,114.6,3.82
497,2025-03-16_7,3/16/2025,7,30,114.6,3.82
624,2025-04-19_7,4/19/2025,7,30,114.6,3.82
640,2025-04-23_7,4/23/2025,7,30,114.6,3.82
655,2025-04-27_7,4/27/2025,7,30,114.6,3.82
681,2025-05-05_7,5/5/2025,7,30,114.6,3.82
687,2025-05-07_7,5/7/2025,7,30,114.6,3.82
715,2025-05-15_7,5/15/2025,7,30,114.6,3.82
731,2025-05-19_7,5/19/2025,7,30,114.6,3.82
748,2025-05-23_7,5/23/2025,7,30,114.6,3.82
784,2025-06-02_7,6/2/2025,7,30,114.6,3.82
850,2025-06-18_7,6/18/2025,7,30,114.6,3.82
886,2025-06-26_7,6/26/2025,7,30,114.6,3.82
894,2025-06-28_7,6/28/2025,7,30,114.6,3.82
931,2025-07-06_7,7/6/2025,7,30,114.6,3.82
976,2025-07-15_7,7/15/2025,7,30,114.6,3.82
1011,2025-07-22_7,7/22/2025,7,30,114.6,3.82
1030,2025-07-25_7,7/25/2025,7,30,114.6,3.82
1036,2025-07-26_7,7/26/2025,7,30,114.6,3.82
1044,2025-07-28_7,7/28/2025,7,30,114.6,3.82
1050,2025-07-29_7,7/29/2025,7,30,114.6,3.82
1082,2025-08-04_7,8/4/2025,7,30,114.6,3.82
1107,2025-08-09_7,8/9/2025,7,30,114.6,3.82
1154,2025-08-19_7,8/19/2025,7,30,114.6,3.82
1202,2025-08-29_7,8/29/2025,7,30,114.6,3.82
1215,2025-09-01_7,9/1/2025,7,30,114.6,3.82
1230,2025-09-04_7,9/4/2025,7,30,114.6,3.82
1241,2025-09-06_7,9/6/2025,7,30,114.6,3.82
1247,2025-09-08_7,9/8/2025,7,30,114.6,3.82
1253,2025-09-09_7,9/9/2025,7,30,114.6,3.82
1269,2025-09-12_7,9/12/2025,7,30,114.6,3.82
1282,2025-09-15_7,9/15/2025,7,30,114.6,3.82
1315,2025-09-22_7,9/22/2025,7,30,114.6,3.82
1329,2025-09-24_7,9/24/2025,7,30,114.6,3.82
1347,2025-09-28_7,9/28/2025,7,30,114.6,3.82
1354,2025-09-29_7,9/29/2025,7,30,114.6,3.82
1375,2025-10-02_7,10/2/2025,7,30,114.6,3.82
1394,2025-10-06_7,10/6/2025,7,30,114.6,3.82
1416,2025-10-10_7,10/10/2025,7,30,114.6,3.82
1462,2025-10-20_7,10/20/2025,7,30,114.6,3.82
1493,2025-10-25_7,10/25/2025,7,30,114.6,3.82
1575,2025-11-11_7,11/11/2025,7,30,114.6,3.82
7,2024-11-12_8,11/12/2024,8,30,116,3.87
14,2024-11-14_8,11/14/2024,8,30,116,3.87
39,2024-11-20_8,11/20/2024,8,30,116,3.87
47,2024-11-22_8,11/22/2024,8,30,116,3.87
79,2024-11-30_8,11/30/2024,8,30,116,3.87
101,2024-12-06_8,12/6/2024,8,30,116,3.87
124,2024-12-12_8,12/12/2024,8,30,116,3.87
132,2024-12-14_8,12/14/2024,8,30,116,3.87
140,2024-12-16_8,12/16/2024,8,30,116,3.87
195,2024-12-30_8,12/30/2024,8,30,116,3.87
203,2025-01-01_8,1/1/2025,8,30,116,3.87
290,2025-01-23_8,1/23/2025,8,30,116,3.87
346,2025-02-06_8,2/6/2025,8,30,116,3.87
394,2025-02-18_8,2/18/2025,8,30,116,3.87
482,2025-03-12_8,3/12/2025,8,30,116,3.87
577,2025-04-07_8,4/7/2025,8,30,116,3.87
585,2025-04-09_8,4/9/2025,8,30,116,3.87
633,2025-04-21_8,4/21/2025,8,30,116,3.87
662,2025-04-29_8,4/29/2025,8,30,116,3.87
676,2025-05-03_8,5/3/2025,8,30,116,3.87
688,2025-05-07_8,5/7/2025,8,30,116,3.87
716,2025-05-15_8,5/15/2025,8,30,116,3.87
732,2025-05-19_8,5/19/2025,8,30,116,3.87
749,2025-05-23_8,5/23/2025,8,30,116,3.87
762,2025-05-27_8,5/27/2025,8,30,116,3.87
834,2025-06-14_8,6/14/2025,8,30,116,3.87
876,2025-06-24_8,6/24/2025,8,30,116,3.87
932,2025-07-06_8,7/6/2025,8,30,116,3.87
940,2025-07-07_8,7/7/2025,8,30,116,3.87
953,2025-07-10_8,7/10/2025,8,30,116,3.87
958,2025-07-11_8,7/11/2025,8,30,116,3.87
1012,2025-07-22_8,7/22/2025,8,30,116,3.87
1037,2025-07-26_8,7/26/2025,8,30,116,3.87
1098,2025-08-07_8,8/7/2025,8,30,116,3.87
1103,2025-08-08_8,8/8/2025,8,30,116,3.87
1108,2025-08-09_8,8/9/2025,8,30,116,3.87
1248,2025-09-08_8,9/8/2025,8,30,116,3.87
1283,2025-09-15_8,9/15/2025,8,30,116,3.87
1323,2025-09-23_8,9/23/2025,8,30,116,3.87
1362,2025-09-30_8,9/30/2025,8,30,116,3.87
1376,2025-10-02_8,10/2/2025,8,30,116,3.87
1395,2025-10-06_8,10/6/2025,8,30,116,3.87
24,2024-11-18_2,11/18/2024,2,31,114.6,3.7
33,2024-11-20_2,11/20/2024,2,31,114.6,3.7
111,2024-12-10_2,12/10/2024,2,31,114.6,3.7
126,2024-12-14_2,12/14/2024,2,31,114.6,3.7
134,2024-12-16_2,12/16/2024,2,31,114.6,3.7
182,2024-12-28_2,12/28/2024,2,31,114.6,3.7
189,2024-12-30_2,12/30/2024,2,31,114.6,3.7
221,2025-01-07_2,1/7/2025,2,31,114.6,3.7
237,2025-01-11_2,1/11/2025,2,31,114.6,3.7
260,2025-01-17_2,1/17/2025,2,31,114.6,3.7
276,2025-01-21_2,1/21/2025,2,31,114.6,3.7
300,2025-01-27_2,1/27/2025,2,31,114.6,3.7
308,2025-01-29_2,1/29/2025,2,31,114.6,3.7
468,2025-03-10_2,3/10/2025,2,31,114.6,3.7
477,2025-03-12_2,3/12/2025,2,31,114.6,3.7
500,2025-03-18_2,3/18/2025,2,31,114.6,3.7
516,2025-03-22_2,3/22/2025,2,31,114.6,3.7
565,2025-04-05_2,4/5/2025,2,31,114.6,3.7
703,2025-05-13_2,5/13/2025,2,31,114.6,3.7
795,2025-06-06_2,6/6/2025,2,31,114.6,3.7
836,2025-06-16_2,6/16/2025,2,31,114.6,3.7
845,2025-06-18_2,6/18/2025,2,31,114.6,3.7
862,2025-06-22_2,6/22/2025,2,31,114.6,3.7
881,2025-06-26_2,6/26/2025,2,31,114.6,3.7
897,2025-06-30_2,6/30/2025,2,31,114.6,3.7
934,2025-07-07_2,7/7/2025,2,31,114.6,3.7
947,2025-07-10_2,7/10/2025,2,31,114.6,3.7
1008,2025-07-22_2,7/22/2025,2,31,114.6,3.7
1013,2025-07-23_2,7/23/2025,2,31,114.6,3.7
1026,2025-07-25_2,7/25/2025,2,31,114.6,3.7
1070,2025-08-03_2,8/3/2025,2,31,114.6,3.7
1170,2025-08-23_2,8/23/2025,2,31,114.6,3.7
1182,2025-08-26_2,8/26/2025,2,31,114.6,3.7
1222,2025-09-03_2,9/3/2025,2,31,114.6,3.7
1227,2025-09-04_2,9/4/2025,2,31,114.6,3.7
1271,2025-09-14_2,9/14/2025,2,31,114.6,3.7
1289,2025-09-17_2,9/17/2025,2,31,114.6,3.7
1343,2025-09-28_2,9/28/2025,2,31,114.6,3.7
1364,2025-10-01_2,10/1/2025,2,31,114.6,3.7
1377,2025-10-03_2,10/3/2025,2,31,114.6,3.7
1458,2025-10-20_2,10/20/2025,2,31,114.6,3.7
1528,2025-11-03_2,11/3/2025,2,31,114.6,3.7
1559,2025-11-08_2,11/8/2025,2,31,114.6,3.7
1565,2025-11-10_2,11/10/2025,2,31,114.6,3.7
42,2024-11-22_3,11/22/2024,3,31,96.2,3.1
50,2024-11-24_3,11/24/2024,3,31,96.2,3.1
74,2024-11-30_3,11/30/2024,3,31,96.2,3.1
89,2024-12-04_3,12/4/2024,3,31,96.2,3.1
104,2024-12-08_3,12/8/2024,3,31,96.2,3.1
119,2024-12-12_3,12/12/2024,3,31,96.2,3.1
135,2024-12-16_3,12/16/2024,3,31,96.2,3.1
168,2024-12-24_3,12/24/2024,3,31,96.2,3.1
175,2024-12-26_3,12/26/2024,3,31,96.2,3.1
190,2024-12-30_3,12/30/2024,3,31,96.2,3.1
222,2025-01-07_3,1/7/2025,3,31,96.2,3.1
230,2025-01-09_3,1/9/2025,3,31,96.2,3.1
238,2025-01-11_3,1/11/2025,3,31,96.2,3.1
246,2025-01-13_3,1/13/2025,3,31,96.2,3.1
261,2025-01-17_3,1/17/2025,3,31,96.2,3.1
269,2025-01-19_3,1/19/2025,3,31,96.2,3.1
293,2025-01-25_3,1/25/2025,3,31,96.2,3.1
301,2025-01-27_3,1/27/2025,3,31,96.2,3.1
317,2025-01-31_3,1/31/2025,3,31,96.2,3.1
325,2025-02-02_3,2/2/2025,3,31,96.2,3.1
381,2025-02-16_3,2/16/2025,3,31,96.2,3.1
405,2025-02-22_3,2/22/2025,3,31,96.2,3.1
421,2025-02-26_3,2/26/2025,3,31,96.2,3.1
429,2025-02-28_3,2/28/2025,3,31,96.2,3.1
445,2025-03-04_3,3/4/2025,3,31,96.2,3.1
461,2025-03-08_3,3/8/2025,3,31,96.2,3.1
509,2025-03-20_3,3/20/2025,3,31,96.2,3.1
545,2025-03-30_3,3/30/2025,3,31,96.2,3.1
566,2025-04-05_3,4/5/2025,3,31,96.2,3.1
612,2025-04-17_3,4/17/2025,3,31,96.2,3.1
636,2025-04-23_3,4/23/2025,3,31,96.2,3.1
644,2025-04-25_3,4/25/2025,3,31,96.2,3.1
691,2025-05-09_3,5/9/2025,3,31,96.2,3.1
752,2025-05-25_3,5/25/2025,3,31,96.2,3.1
758,2025-05-27_3,5/27/2025,3,31,96.2,3.1
765,2025-05-29_3,5/29/2025,3,31,96.2,3.1
781,2025-06-02_3,6/2/2025,3,31,96.2,3.1
813,2025-06-10_3,6/10/2025,3,31,96.2,3.1
910,2025-07-02_3,7/2/2025,3,31,96.2,3.1
973,2025-07-15_3,7/15/2025,3,31,96.2,3.1
1053,2025-07-30_3,7/30/2025,3,31,96.2,3.1
1079,2025-08-04_3,8/4/2025,3,31,96.2,3.1
1165,2025-08-22_3,8/22/2025,3,31,96.2,3.1
1250,2025-09-09_3,9/9/2025,3,31,96.2,3.1
1306,2025-09-20_3,9/20/2025,3,31,96.2,3.1
1344,2025-09-28_3,9/28/2025,3,31,96.2,3.1
1351,2025-09-29_3,9/29/2025,3,31,96.2,3.1
1372,2025-10-02_3,10/2/2025,3,31,96.2,3.1
1404,2025-10-08_3,10/8/2025,3,31,96.2,3.1
1453,2025-10-18_3,10/18/2025,3,31,96.2,3.1
1490,2025-10-25_3,10/25/2025,3,31,96.2,3.1
45,2024-11-22_6,11/22/2024,6,31,114.6,3.7
60,2024-11-26_6,11/26/2024,6,31,114.6,3.7
69,2024-11-28_6,11/28/2024,6,31,114.6,3.7
114,2024-12-10_6,12/10/2024,6,31,114.6,3.7
185,2024-12-28_6,12/28/2024,6,31,114.6,3.7
201,2025-01-01_6,1/1/2025,6,31,114.6,3.7
209,2025-01-03_6,1/3/2025,6,31,114.6,3.7
233,2025-01-09_6,1/9/2025,6,31,114.6,3.7
256,2025-01-15_6,1/15/2025,6,31,114.6,3.7
304,2025-01-27_6,1/27/2025,6,31,114.6,3.7
336,2025-02-04_6,2/4/2025,6,31,114.6,3.7
344,2025-02-06_6,2/6/2025,6,31,114.6,3.7
384,2025-02-16_6,2/16/2025,6,31,114.6,3.7
400,2025-02-20_6,2/20/2025,6,31,114.6,3.7
432,2025-02-28_6,2/28/2025,6,31,114.6,3.7
488,2025-03-14_6,3/14/2025,6,31,114.6,3.7
504,2025-03-18_6,3/18/2025,6,31,114.6,3.7
548,2025-03-30_6,3/30/2025,6,31,114.6,3.7
561,2025-04-03_6,4/3/2025,6,31,114.6,3.7
569,2025-04-05_6,4/5/2025,6,31,114.6,3.7
599,2025-04-13_6,4/13/2025,6,31,114.6,3.7
646,2025-04-25_6,4/25/2025,6,31,114.6,3.7
693,2025-05-09_6,5/9/2025,6,31,114.6,3.7
706,2025-05-13_6,5/13/2025,6,31,114.6,3.7
722,2025-05-17_6,5/17/2025,6,31,114.6,3.7
739,2025-05-21_6,5/21/2025,6,31,114.6,3.7
768,2025-05-29_6,5/29/2025,6,31,114.6,3.7
799,2025-06-06_6,6/6/2025,6,31,114.6,3.7
824,2025-06-12_6,6/12/2025,6,31,114.6,3.7
885,2025-06-26_6,6/26/2025,6,31,114.6,3.7
951,2025-07-10_6,7/10/2025,6,31,114.6,3.7
956,2025-07-11_6,7/11/2025,6,31,114.6,3.7
1016,2025-07-23_6,7/23/2025,6,31,114.6,3.7
1049,2025-07-29_6,7/29/2025,6,31,114.6,3.7
1097,2025-08-07_6,8/7/2025,6,31,114.6,3.7
1114,2025-08-11_6,8/11/2025,6,31,114.6,3.7
1126,2025-08-13_6,8/13/2025,6,31,114.6,3.7
1142,2025-08-17_6,8/17/2025,6,31,114.6,3.7
1172,2025-08-23_6,8/23/2025,6,31,114.6,3.7
1191,2025-08-27_6,8/27/2025,6,31,114.6,3.7
1321,2025-09-23_6,9/23/2025,6,31,114.6,3.7
1346,2025-09-28_6,9/28/2025,6,31,114.6,3.7
1374,2025-10-02_6,10/2/2025,6,31,114.6,3.7
1461,2025-10-20_6,10/20/2025,6,31,114.6,3.7
1505,2025-10-28_6,10/28/2025,6,31,114.6,3.7
1531,2025-11-03_6,11/3/2025,6,31,114.6,3.7
1555,2025-11-07_6,11/7/2025,6,31,114.6,3.7
1579,2025-11-12_6,11/12/2025,6,31,114.6,3.7
6,2024-11-12_7,11/12/2024,7,31,114.6,3.7
21,2024-11-16_7,11/16/2024,7,31,114.6,3.7
38,2024-11-20_7,11/20/2024,7,31,114.6,3.7
53,2024-11-24_7,11/24/2024,7,31,114.6,3.7
61,2024-11-26_7,11/26/2024,7,31,114.6,3.7
92,2024-12-04_7,12/4/2024,7,31,114.6,3.7
147,2024-12-18_7,12/18/2024,7,31,114.6,3.7
164,2024-12-22_7,12/22/2024,7,31,114.6,3.7
194,2024-12-30_7,12/30/2024,7,31,114.6,3.7
218,2025-01-05_7,1/5/2025,7,31,114.6,3.7
289,2025-01-23_7,1/23/2025,7,31,114.6,3.7
305,2025-01-27_7,1/27/2025,7,31,114.6,3.7
321,2025-01-31_7,1/31/2025,7,31,114.6,3.7
353,2025-02-08_7,2/8/2025,7,31,114.6,3.7
401,2025-02-20_7,2/20/2025,7,31,114.6,3.7
465,2025-03-08_7,3/8/2025,7,31,114.6,3.7
505,2025-03-18_7,3/18/2025,7,31,114.6,3.7
534,2025-03-26_7,3/26/2025,7,31,114.6,3.7
562,2025-04-03_7,4/3/2025,7,31,114.6,3.7
570,2025-04-05_7,4/5/2025,7,31,114.6,3.7
647,2025-04-25_7,4/25/2025,7,31,114.6,3.7
668,2025-05-01_7,5/1/2025,7,31,114.6,3.7
694,2025-05-09_7,5/9/2025,7,31,114.6,3.7
740,2025-05-21_7,5/21/2025,7,31,114.6,3.7
761,2025-05-27_7,5/27/2025,7,31,114.6,3.7
833,2025-06-14_7,6/14/2025,7,31,114.6,3.7
859,2025-06-20_7,6/20/2025,7,31,114.6,3.7
1075,2025-08-03_7,8/3/2025,7,31,114.6,3.7
1131,2025-08-14_7,8/14/2025,7,31,114.6,3.7
1197,2025-08-28_7,8/28/2025,7,31,114.6,3.7
1208,2025-08-31_7,8/31/2025,7,31,114.6,3.7
1309,2025-09-20_7,9/20/2025,7,31,114.6,3.7
1381,2025-10-03_7,10/3/2025,7,31,114.6,3.7
1421,2025-10-11_7,10/11/2025,7,31,114.6,3.7
1441,2025-10-15_7,10/15/2025,7,31,114.6,3.7
1446,2025-10-16_7,10/16/2025,7,31,114.6,3.7
1499,2025-10-27_7,10/27/2025,7,31,114.6,3.7
1506,2025-10-28_7,10/28/2025,7,31,114.6,3.7
1556,2025-11-07_7,11/7/2025,7,31,114.6,3.7
1563,2025-11-08_7,11/8/2025,7,31,114.6,3.7
22,2024-11-16_8,11/16/2024,8,31,116,3.74
30,2024-11-18_8,11/18/2024,8,31,116,3.74
54,2024-11-24_8,11/24/2024,8,31,116,3.74
71,2024-11-28_8,11/28/2024,8,31,116,3.74
93,2024-12-04_8,12/4/2024,8,31,116,3.74
180,2024-12-26_8,12/26/2024,8,31,116,3.74
211,2025-01-03_8,1/3/2025,8,31,116,3.74
235,2025-01-09_8,1/9/2025,8,31,116,3.74
243,2025-01-11_8,1/11/2025,8,31,116,3.74
258,2025-01-15_8,1/15/2025,8,31,116,3.74
282,2025-01-21_8,1/21/2025,8,31,116,3.74
314,2025-01-29_8,1/29/2025,8,31,116,3.74
362,2025-02-10_8,2/10/2025,8,31,116,3.74
386,2025-02-16_8,2/16/2025,8,31,116,3.74
426,2025-02-26_8,2/26/2025,8,31,116,3.74
542,2025-03-28_8,3/28/2025,8,31,116,3.74
550,2025-03-30_8,3/30/2025,8,31,116,3.74
571,2025-04-05_8,4/5/2025,8,31,116,3.74
593,2025-04-11_8,4/11/2025,8,31,116,3.74
617,2025-04-17_8,4/17/2025,8,31,116,3.74
648,2025-04-25_8,4/25/2025,8,31,116,3.74
669,2025-05-01_8,5/1/2025,8,31,116,3.74
826,2025-06-12_8,6/12/2025,8,31,116,3.74
868,2025-06-22_8,6/22/2025,8,31,116,3.74
1025,2025-07-24_8,7/24/2025,8,31,116,3.74
1067,2025-08-01_8,8/1/2025,8,31,116,3.74
1076,2025-08-03_8,8/3/2025,8,31,116,3.74
1093,2025-08-06_8,8/6/2025,8,31,116,3.74
1144,2025-08-17_8,8/17/2025,8,31,116,3.74
1169,2025-08-22_8,8/22/2025,8,31,116,3.74
1209,2025-08-31_8,8/31/2025,8,31,116,3.74
1276,2025-09-14_8,9/14/2025,8,31,116,3.74
1429,2025-10-13_8,10/13/2025,8,31,116,3.74
1436,2025-10-14_8,10/14/2025,8,31,116,3.74
1451,2025-10-17_8,10/17/2025,8,31,116,3.74
1470,2025-10-21_8,10/21/2025,8,31,116,3.74
1500,2025-10-27_8,10/27/2025,8,31,116,3.74
1533,2025-11-03_8,11/3/2025,8,31,116,3.74
181,2024-12-28_1,12/28/2024,1,32,82.6,2.58
73,2024-11-30_2,11/30/2024,2,32,114.6,3.58
88,2024-12-04_2,12/4/2024,2,32,114.6,3.58
174,2024-12-26_2,12/26/2024,2,32,114.6,3.58
268,2025-01-19_2,1/19/2025,2,32,114.6,3.58
292,2025-01-25_2,1/25/2025,2,32,114.6,3.58
316,2025-01-31_2,1/31/2025,2,32,114.6,3.58
348,2025-02-08_2,2/8/2025,2,32,114.6,3.58
356,2025-02-10_2,2/10/2025,2,32,114.6,3.58
380,2025-02-16_2,2/16/2025,2,32,114.6,3.58
404,2025-02-22_2,2/22/2025,2,32,114.6,3.58
412,2025-02-24_2,2/24/2025,2,32,114.6,3.58
484,2025-03-14_2,3/14/2025,2,32,114.6,3.58
508,2025-03-20_2,3/20/2025,2,32,114.6,3.58
544,2025-03-30_2,3/30/2025,2,32,114.6,3.58
671,2025-05-03_2,5/3/2025,2,32,114.6,3.58
690,2025-05-09_2,5/9/2025,2,32,114.6,3.58
718,2025-05-17_2,5/17/2025,2,32,114.6,3.58
772,2025-05-31_2,5/31/2025,2,32,114.6,3.58
787,2025-06-04_2,6/4/2025,2,32,114.6,3.58
804,2025-06-08_2,6/8/2025,2,32,114.6,3.58
828,2025-06-14_2,6/14/2025,2,32,114.6,3.58
918,2025-07-04_2,7/4/2025,2,32,114.6,3.58
926,2025-07-06_2,7/6/2025,2,32,114.6,3.58
996,2025-07-20_2,7/20/2025,2,32,114.6,3.58
1089,2025-08-06_2,8/6/2025,2,32,114.6,3.58
160,2024-12-22_3,12/22/2024,3,32,96.2,3.01
389,2025-02-18_3,2/18/2025,3,32,96.2,3.01
397,2025-02-20_3,2/20/2025,3,32,96.2,3.01
485,2025-03-14_3,3/14/2025,3,32,96.2,3.01
620,2025-04-19_3,4/19/2025,3,32,96.2,3.01
651,2025-04-27_3,4/27/2025,3,32,96.2,3.01
678,2025-05-05_3,5/5/2025,3,32,96.2,3.01
684,2025-05-07_3,5/7/2025,3,32,96.2,3.01
736,2025-05-21_3,5/21/2025,3,32,96.2,3.01
773,2025-05-31_3,5/31/2025,3,32,96.2,3.01
829,2025-06-14_3,6/14/2025,3,32,96.2,3.01
927,2025-07-06_3,7/6/2025,3,32,96.2,3.01
997,2025-07-20_3,7/20/2025,3,32,96.2,3.01
1071,2025-08-03_3,8/3/2025,3,32,96.2,3.01
1183,2025-08-26_3,8/26/2025,3,32,96.2,3.01
1300,2025-09-19_3,9/19/2025,3,32,96.2,3.01
1484,2025-10-24_3,10/24/2025,3,32,96.2,3.01
967,2025-07-14_4,7/14/2025,4,32,121.5,3.8
52,2024-11-24_6,11/24/2024,6,32,114.6,3.58
138,2024-12-16_6,12/16/2024,6,32,114.6,3.58
146,2024-12-18_6,12/18/2024,6,32,114.6,3.58
178,2024-12-26_6,12/26/2024,6,32,114.6,3.58
320,2025-01-31_6,1/31/2025,6,32,114.6,3.58
328,2025-02-02_6,2/2/2025,6,32,114.6,3.58
360,2025-02-10_6,2/10/2025,6,32,114.6,3.58
376,2025-02-14_6,2/14/2025,6,32,114.6,3.58
416,2025-02-24_6,2/24/2025,6,32,114.6,3.58
456,2025-03-06_6,3/6/2025,6,32,114.6,3.58
496,2025-03-16_6,3/16/2025,6,32,114.6,3.58
520,2025-03-22_6,3/22/2025,6,32,114.6,3.58
533,2025-03-26_6,3/26/2025,6,32,114.6,3.58
575,2025-04-07_6,4/7/2025,6,32,114.6,3.58
591,2025-04-11_6,4/11/2025,6,32,114.6,3.58
615,2025-04-17_6,4/17/2025,6,32,114.6,3.58
631,2025-04-21_6,4/21/2025,6,32,114.6,3.58
654,2025-04-27_6,4/27/2025,6,32,114.6,3.58
674,2025-05-03_6,5/3/2025,6,32,114.6,3.58
730,2025-05-19_6,5/19/2025,6,32,114.6,3.58
783,2025-06-02_6,6/2/2025,6,32,114.6,3.58
816,2025-06-10_6,6/10/2025,6,32,114.6,3.58
832,2025-06-14_6,6/14/2025,6,32,114.6,3.58
866,2025-06-22_6,6/22/2025,6,32,114.6,3.58
874,2025-06-24_6,6/24/2025,6,32,114.6,3.58
1101,2025-08-08_6,8/8/2025,6,32,114.6,3.58
1220,2025-09-02_6,9/2/2025,6,32,114.6,3.58
1308,2025-09-20_6,9/20/2025,6,32,114.6,3.58
1562,2025-11-08_6,11/8/2025,6,32,114.6,3.58
29,2024-11-18_7,11/18/2024,7,32,114.6,3.58
70,2024-11-28_7,11/28/2024,7,32,114.6,3.58
139,2024-12-16_7,12/16/2024,7,32,114.6,3.58
179,2024-12-26_7,12/26/2024,7,32,114.6,3.58
226,2025-01-07_7,1/7/2025,7,32,114.6,3.58
234,2025-01-09_7,1/9/2025,7,32,114.6,3.58
242,2025-01-11_7,1/11/2025,7,32,114.6,3.58
297,2025-01-25_7,1/25/2025,7,32,114.6,3.58
345,2025-02-06_7,2/6/2025,7,32,114.6,3.58
393,2025-02-18_7,2/18/2025,7,32,114.6,3.58
549,2025-03-30_7,3/30/2025,7,32,114.6,3.58
600,2025-04-13_7,4/13/2025,7,32,114.6,3.58
616,2025-04-17_7,4/17/2025,7,32,114.6,3.58
809,2025-06-08_7,6/8/2025,7,32,114.6,3.58
817,2025-06-10_7,6/10/2025,7,32,114.6,3.58
875,2025-06-24_7,6/24/2025,7,32,114.6,3.58
914,2025-07-02_7,7/2/2025,7,32,114.6,3.58
923,2025-07-04_7,7/4/2025,7,32,114.6,3.58
952,2025-07-10_7,7/10/2025,7,32,114.6,3.58
1001,2025-07-20_7,7/20/2025,7,32,114.6,3.58
1102,2025-08-08_7,8/8/2025,7,32,114.6,3.58
1115,2025-08-11_7,8/11/2025,7,32,114.6,3.58
148,2024-12-18_8,12/18/2024,8,32,116,3.63
156,2024-12-20_8,12/20/2024,8,32,116,3.63
165,2024-12-22_8,12/22/2024,8,32,116,3.63
227,2025-01-07_8,1/7/2025,8,32,116,3.63
410,2025-02-22_8,2/22/2025,8,32,116,3.63
418,2025-02-24_8,2/24/2025,8,32,116,3.63
528,2025-03-24_8,3/24/2025,8,32,116,3.63
563,2025-04-03_8,4/3/2025,8,32,116,3.63
625,2025-04-19_8,4/19/2025,8,32,116,3.63
682,2025-05-05_8,5/5/2025,8,32,116,3.63
695,2025-05-09_8,5/9/2025,8,32,116,3.63
895,2025-06-28_8,6/28/2025,8,32,116,3.63
1045,2025-07-28_8,7/28/2025,8,32,116,3.63
1304,2025-09-19_8,9/19/2025,8,32,116,3.63
1401,2025-10-07_8,10/7/2025,8,32,116,3.63
1557,2025-11-07_8,11/7/2025,8,32,116,3.63
159,2024-12-22_2,12/22/2024,2,33,114.6,3.47
332,2025-02-04_2,2/4/2025,2,33,114.6,3.47
396,2025-02-20_2,2/20/2025,2,33,114.6,3.47
428,2025-02-28_2,2/28/2025,2,33,114.6,3.47
460,2025-03-08_2,3/8/2025,2,33,114.6,3.47
537,2025-03-28_2,3/28/2025,2,33,114.6,3.47
735,2025-05-21_2,5/21/2025,2,33,114.6,3.47
820,2025-06-12_2,6/12/2025,2,33,114.6,3.47
854,2025-06-20_2,6/20/2025,2,33,114.6,3.47
889,2025-06-28_2,6/28/2025,2,33,114.6,3.47
96,2024-12-06_3,12/6/2024,3,33,96.2,2.92
143,2024-12-18_3,12/18/2024,3,33,96.2,2.92
151,2024-12-20_3,12/20/2024,3,33,96.2,2.92
214,2025-01-05_3,1/5/2025,3,33,96.2,2.92
357,2025-02-10_3,2/10/2025,3,33,96.2,2.92
501,2025-03-18_3,3/18/2025,3,33,96.2,2.92
538,2025-03-28_3,3/28/2025,3,33,96.2,2.92
588,2025-04-11_3,4/11/2025,3,33,96.2,2.92
719,2025-05-17_3,5/17/2025,3,33,96.2,2.92
796,2025-06-06_3,6/6/2025,3,33,96.2,2.92
821,2025-06-12_3,6/12/2025,3,33,96.2,2.92
855,2025-06-20_3,6/20/2025,3,33,96.2,2.92
890,2025-06-28_3,6/28/2025,3,33,96.2,2.92
1139,2025-08-17_3,8/17/2025,3,33,96.2,2.92
217,2025-01-05_6,1/5/2025,6,33,114.6,3.47
225,2025-01-07_6,1/7/2025,6,33,114.6,3.47
272,2025-01-19_6,1/19/2025,6,33,114.6,3.47
296,2025-01-25_6,1/25/2025,6,33,114.6,3.47
352,2025-02-08_6,2/8/2025,6,33,114.6,3.47
440,2025-03-02_6,3/2/2025,6,33,114.6,3.47
512,2025-03-20_6,3/20/2025,6,33,114.6,3.47
623,2025-04-19_6,4/19/2025,6,33,114.6,3.47
776,2025-05-31_6,5/31/2025,6,33,114.6,3.47
893,2025-06-28_6,6/28/2025,6,33,114.6,3.47
922,2025-07-04_6,7/4/2025,6,33,114.6,3.47
1000,2025-07-20_6,7/20/2025,6,33,114.6,3.47
108,2024-12-08_7,12/8/2024,7,33,114.6,3.47
265,2025-01-17_7,1/17/2025,7,33,114.6,3.47
329,2025-02-02_7,2/2/2025,7,33,114.6,3.47
361,2025-02-10_7,2/10/2025,7,33,114.6,3.47
377,2025-02-14_7,2/14/2025,7,33,114.6,3.47
433,2025-02-28_7,2/28/2025,7,33,114.6,3.47
441,2025-03-02_7,3/2/2025,7,33,114.6,3.47
723,2025-05-17_7,5/17/2025,7,33,114.6,3.47
777,2025-05-31_7,5/31/2025,7,33,114.6,3.47
800,2025-06-06_7,6/6/2025,7,33,114.6,3.47
825,2025-06-12_7,6/12/2025,7,33,114.6,3.47
841,2025-06-16_7,6/16/2025,7,33,114.6,3.47
867,2025-06-22_7,6/22/2025,7,33,114.6,3.47
1369,2025-10-01_7,10/1/2025,7,33,114.6,3.47
306,2025-01-27_8,1/27/2025,8,33,116,3.52
322,2025-01-31_8,1/31/2025,8,33,116,3.52
378,2025-02-14_8,2/14/2025,8,33,116,3.52
458,2025-03-06_8,3/6/2025,8,33,116,3.52
514,2025-03-20_8,3/20/2025,8,33,116,3.52
535,2025-03-26_8,3/26/2025,8,33,116,3.52
609,2025-04-15_8,4/15/2025,8,33,116,3.52
641,2025-04-23_8,4/23/2025,8,33,116,3.52
724,2025-05-17_8,5/17/2025,8,33,116,3.52
741,2025-05-21_8,5/21/2025,8,33,116,3.52
778,2025-05-31_8,5/31/2025,8,33,116,3.52
793,2025-06-04_8,6/4/2025,8,33,116,3.52
903,2025-06-30_8,6/30/2025,8,33,116,3.52
915,2025-07-02_8,7/2/2025,8,33,116,3.52
1002,2025-07-20_8,7/20/2025,8,33,116,3.52
1116,2025-08-11_8,8/11/2025,8,33,116,3.52
213,2025-01-05_2,1/5/2025,2,34,114.6,3.37
611,2025-04-17_2,4/17/2025,2,34,114.6,3.37
711,2025-05-15_3,5/15/2025,3,34,96.2,2.83
837,2025-06-16_3,6/16/2025,3,34,96.2,2.83
241,2025-01-11_6,1/11/2025,6,34,114.6,3.37
368,2025-02-12_6,2/12/2025,6,34,114.6,3.37
840,2025-06-16_6,6/16/2025,6,34,114.6,3.37
858,2025-06-20_6,6/20/2025,6,34,114.6,3.37
369,2025-02-12_7,2/12/2025,7,34,114.6,3.37
457,2025-03-06_7,3/6/2025,7,34,114.6,3.37
489,2025-03-14_7,3/14/2025,7,34,114.6,3.37
592,2025-04-11_7,4/11/2025,7,34,114.6,3.37
172,2024-12-24_8,12/24/2024,8,34,116,3.41
274,2025-01-19_8,1/19/2025,8,34,116,3.41
298,2025-01-25_8,1/25/2025,8,34,116,3.41
402,2025-02-20_8,2/20/2025,8,34,116,3.41
434,2025-02-28_8,2/28/2025,8,34,116,3.41
442,2025-03-02_8,3/2/2025,8,34,116,3.41
466,2025-03-08_8,3/8/2025,8,34,116,3.41
522,2025-03-22_8,3/22/2025,8,34,116,3.41
656,2025-04-27_8,4/27/2025,8,34,116,3.41
810,2025-06-08_8,6/8/2025,8,34,116,3.41
818,2025-06-10_8,6/10/2025,8,34,116,3.41
842,2025-06-16_8,6/16/2025,8,34,116,3.41
860,2025-06-20_8,6/20/2025,8,34,116,3.41
887,2025-06-26_8,6/26/2025,8,34,116,3.41
924,2025-07-04_8,7/4/2025,8,34,116,3.41
1370,2025-10-01_8,10/1/2025,8,34,116,3.41
559,2025-04-03_3,4/3/2025,3,35,96.2,2.75
805,2025-06-08_3,6/8/2025,3,35,96.2,2.75
210,2025-01-03_7,1/3/2025,7,35,114.6,3.27
330,2025-02-02_8,2/2/2025,8,35,116,3.31
490,2025-03-14_8,3/14/2025,8,35,116,3.31
770,2025-05-29_8,5/29/2025,8,35,116,3.31
969,2025-07-14_6,7/14/2025,6,45,114.6,2.55
1266,2025-09-12_2,9/12/2025,2,56,114.6,2.05
